"","Country","Divison","ISO 3 Letter","iso3num","Self_employed_total","Employed_total","Divison_total","female_employed_total","female_self_employed_total","male_self_employed_total","male_employed_total","female_self_employed_percent_divison","female_employed_percent_divison","male_self_employed_percent_divison","male_employed_percent_divison","female_self_employed_percent_slf","male_self_employed_percent_slf","female_employed_percent_ees","male_employed_percent_ees"
"1","Bulgaria","55-68","BGR",100,22994,65300,88294,36504,6445,16549,28796,7.29947674813691,41.3436926631481,18.7430629487847,32.6137676399302,28.0290510567974,71.9709489432026,55.9019908116386,44.0980091883614
"2","Bulgaria","56","BGR",100,15284,77656,92940,46938,4701,10583,30718,5.05810200129116,50.5035506778567,11.3869162900796,33.0514310307725,30.7576550641193,69.2423449358807,60.443494385495,39.556505614505
"3","Bulgaria","79","BGR",100,1319,3634,4953,2507,658,661,1127,13.284877851807,50.615788411064,13.3454472037149,22.7538865334141,49.8862774829416,50.1137225170584,68.9873417721519,31.0126582278481
"4","Spain","55-68","ESP",724,NA,NA,NA,NA,NA,NA,NA,NA,NA,NA,NA,NA,NA,NA,NA
"5","Spain","56","ESP",724,286887.4,935653.347500004,1222540.7475,509689.819999998,128356.22,158531.18,425963.527500001,10.4991363488275,41.6910291981901,12.9673534664741,34.8424809865079,44.7409750306218,55.2590249693783,54.4742154091418,45.5257845908576
"6","Spain","79","ESP",724,18530.66,50779.54,69310.1999999999,34793.925,9578.99,8951.67,15985.615,13.8204622119111,50.2002951946467,12.9153717634634,23.0638708299789,51.6926542281818,48.3073457718182,68.5195750099351,31.4804249900649
"7","France","55-68","FRA",250,NA,NA,NA,NA,NA,NA,NA,NA,NA,NA,NA,NA,NA,NA,NA
"8","France","56","FRA",250,NA,NA,795825.596157579,NA,NA,NA,NA,NA,NA,NA,NA,NA,NA,NA,NA
"9","France","79","FRA",250,NA,NA,43125.88,NA,NA,NA,NA,NA,NA,NA,NA,NA,NA,NA,NA
"10","Latvia","55-68","LVA",428,NA,NA,21400,NA,NA,NA,NA,NA,NA,NA,NA,NA,NA,NA,NA
"11","Latvia","56","LVA",428,NA,NA,21900,NA,NA,NA,NA,NA,NA,NA,NA,NA,NA,NA,NA
"12","Latvia","79","LVA",428,NA,NA,NA,NA,NA,NA,NA,NA,NA,NA,NA,NA,NA,NA,NA
"13","Malta","55-68","MLT",470,NA,NA,NA,NA,NA,NA,NA,NA,NA,NA,NA,NA,NA,NA,NA
"14","Malta","56","MLT",470,NA,NA,10239,NA,NA,NA,NA,NA,NA,NA,NA,NA,NA,NA,NA
"15","Malta","79","MLT",470,NA,NA,1155,NA,NA,NA,NA,NA,NA,NA,NA,NA,NA,NA,NA
"16","Monaco","55-68","MCO",492,NA,5370.674713,5370.674713,1793.545046,NA,NA,3577.129667,NA,33.395153157547,NA,66.604846842453,NA,NA,33.395153157547,66.604846842453
"17","Monaco","56","MCO",492,8.00952380952381,2416.598302,2424.60782580952,664.261924,2.47619047619048,5.53333333333333,1752.336378,0.10212746365956,27.3966749149718,0.228215601485402,72.2729820198833,30.9155766944114,69.0844233055886,27.4874778919711,72.5125221080289
"18","Monaco","79","MCO",492,50.3269230769231,489.581846,539.908769076923,295.745149,26.5833333333333,23.7435897435897,193.836697,4.92367134150879,54.7768745274563,4.39770403881084,35.9017500922241,52.8212966501083,47.1787033498917,60.4077033117768,39.5922966882232
"19","Djibouti","55-68","DJI",262,NA,NA,NA,NA,NA,NA,NA,NA,NA,NA,NA,NA,NA,NA,NA
"20","Djibouti","56","DJI",262,NA,NA,NA,NA,NA,NA,NA,NA,NA,NA,NA,NA,NA,NA,NA
"21","Djibouti","79","DJI",262,NA,NA,NA,NA,NA,NA,NA,NA,NA,NA,NA,NA,NA,NA,NA
"22","Hong Kong, China","55-68","HKG",344,NA,NA,4800,NA,NA,NA,NA,NA,NA,NA,NA,NA,NA,NA,NA
"23","Hong Kong, China","56","HKG",344,NA,NA,2800,NA,NA,NA,NA,NA,NA,NA,NA,NA,NA,NA,NA
"24","Hong Kong, China","79","HKG",344,NA,NA,10600,NA,NA,NA,NA,NA,NA,NA,NA,NA,NA,NA,NA
"25","New Zealand","55-68","NZL",554,NA,NA,NA,NA,NA,NA,NA,NA,NA,NA,NA,NA,NA,NA,NA
"26","New Zealand","56","NZL",554,NA,NA,NA,NA,NA,NA,NA,NA,NA,NA,NA,NA,NA,NA,NA
"27","New Zealand","79","NZL",554,NA,NA,NA,NA,NA,NA,NA,NA,NA,NA,NA,NA,NA,NA,NA
"28","Uruguay","55-68","URY",858,NA,NA,17605,NA,NA,NA,NA,NA,NA,NA,NA,NA,NA,NA,NA
"29","Uruguay","56","URY",858,NA,NA,51821,NA,NA,NA,NA,NA,NA,NA,NA,NA,NA,NA,NA
"30","Uruguay","79","URY",858,NA,NA,NA,NA,NA,NA,NA,NA,NA,NA,NA,NA,NA,NA,NA
"31","Honduras","55-68","HND",340,NA,NA,13326.2669049481,6188.82510059448,1105.02525187351,639.04363793698,5393.37291454316,8.29208404540663,46.4408010490659,4.79536874426325,40.4717461612642,NA,NA,NA,NA
"32","Honduras","56","HND",340,NA,NA,150413.927140734,50899.5520230379,69503.899277202,10922.0377269647,19088.4381135294,46.2084200568549,33.8396536747651,7.26132076635798,12.690605502022,NA,NA,NA,NA
"33","Honduras","79","HND",340,NA,NA,1047.9238216628,769.080408610418,NA,NA,278.843413052386,NA,73.3908699002636,NA,26.6091300997365,NA,NA,NA,NA
"34","Albania","55-68","ALB",8,3120,13520,16640,6332,NA,NA,NA,NA,38.0528846153846,NA,NA,NA,NA,46.8343195266272,NA
"35","Albania","56","ALB",8,16061,26589,42650,13344,NA,NA,NA,NA,31.2872215709261,NA,NA,NA,NA,50.186167212005,NA
"36","Albania","79","ALB",8,1085,2426,3511,1342,NA,NA,NA,NA,38.2227285673597,NA,NA,NA,NA,55.3173948887057,NA
"37","Algeria","55-68","DZA",12,NA,NA,NA,NA,NA,NA,NA,NA,NA,NA,NA,NA,NA,NA,NA
"38","Algeria","56","DZA",12,NA,NA,NA,NA,NA,NA,NA,NA,NA,NA,NA,NA,NA,NA,NA
"39","Algeria","79","DZA",12,NA,NA,NA,NA,NA,NA,NA,NA,NA,NA,NA,NA,NA,NA,NA
"40","Armenia","55-68","ARM",51,NA,11818.2557169,13228.31938499,7228.97759015,NA,NA,4589.27812675,NA,54.6477400474064,NA,34.692828266283,NA,NA,61.1678894357704,38.8321105642297
"41","Armenia","56","ARM",51,NA,25847.66916634,27978.17715259,13382.36951314,NA,NA,12465.2996532,NA,47.831456067184,NA,44.5536518880969,NA,NA,51.7739894727805,48.2260105272195
"42","Armenia","79","ARM",51,NA,NA,1655.15891464,NA,NA,NA,NA,NA,NA,NA,NA,NA,NA,NA,NA
"43","Austria","55-68","AUT",40,21100,104200,125300,68800,10600,10500,35400,8.45969672785315,54.9082202713488,8.37988826815642,28.2521947326417,50.2369668246445,49.7630331753554,66.0268714011516,33.9731285988484
"44","Austria","56","AUT",40,29600,133100,162700,74800,12600,17000,58300,7.74431468961278,45.9741856177013,10.4486785494776,35.8328211432084,42.5675675675676,57.4324324324324,56.198347107438,43.801652892562
"45","Austria","79","AUT",40,NA,NA,18700,NA,NA,NA,NA,NA,NA,NA,NA,NA,NA,NA,NA
"46","Azerbaijan","55-68","AZE",31,NA,18370,NA,5063,NA,NA,13307,NA,NA,NA,NA,NA,NA,27.5612411540555,72.4387588459445
"47","Azerbaijan","56","AZE",31,NA,25052,NA,7950,NA,NA,17102,NA,NA,NA,NA,NA,NA,31.7339932939486,68.2660067060514
"48","Azerbaijan","79","AZE",31,NA,1978,NA,1006,NA,NA,972,NA,NA,NA,NA,NA,NA,50.8594539939333,49.1405460060667
"49","Bahamas","55-68","BHS",44,NA,NA,NA,NA,NA,NA,NA,NA,NA,NA,NA,NA,NA,NA,NA
"50","Bahamas","56","BHS",44,NA,NA,NA,NA,NA,NA,NA,NA,NA,NA,NA,NA,NA,NA,NA
"51","Bahamas","79","BHS",44,NA,NA,NA,NA,NA,NA,NA,NA,NA,NA,NA,NA,NA,NA,NA
"52","Bahrain","55-68","BHR",48,NA,NA,13986,NA,NA,NA,NA,NA,NA,NA,NA,NA,NA,NA,NA
"53","Bahrain","56","BHR",48,NA,NA,76146,NA,NA,NA,NA,NA,NA,NA,NA,NA,NA,NA,NA
"54","Bahrain","79","BHR",48,NA,NA,5857,NA,NA,NA,NA,NA,NA,NA,NA,NA,NA,NA,NA
"55","Belize","55-68","BLZ",84,NA,NA,NA,NA,NA,NA,NA,NA,NA,NA,NA,NA,NA,NA,NA
"56","Belize","56","BLZ",84,NA,NA,NA,NA,NA,NA,NA,NA,NA,NA,NA,NA,NA,NA,NA
"57","Belize","79","BLZ",84,NA,NA,NA,NA,NA,NA,NA,NA,NA,NA,NA,NA,NA,NA,NA
"58","Brunei Darussalam","55-68","BRN",96,NA,NA,NA,NA,NA,NA,NA,NA,NA,NA,NA,NA,NA,NA,NA
"59","Brunei Darussalam","56","BRN",96,2005.91756415368,11166.2029584647,13172.1205226183,4270.508746624,1375.88409709931,630.033467054367,6895.69421184063,10.4454259641546,32.4208143957609,4.78308307286224,52.3506765672226,68.5912582693702,31.4087417306297,38.2449500739792,61.7550499260205
"60","Brunei Darussalam","79","BRN",96,90,344,434,138,NA,NA,206,NA,31.7972350230415,NA,47.4654377880184,NA,NA,40.1162790697674,59.8837209302326
"61","Chile","55-68","CHL",152,NA,NA,NA,NA,NA,NA,NA,NA,NA,NA,NA,NA,NA,NA,NA
"62","Chile","56","CHL",152,NA,NA,NA,NA,NA,NA,NA,NA,NA,NA,NA,NA,NA,NA,NA
"63","Chile","79","CHL",152,NA,NA,NA,NA,NA,NA,NA,NA,NA,NA,NA,NA,NA,NA,NA
"64","Colombia","55-68","COL",170,NA,NA,419194.91453698,NA,NA,NA,NA,NA,NA,NA,NA,NA,NA,NA,NA
"65","Colombia","56","COL",170,NA,NA,NA,NA,NA,NA,NA,NA,NA,NA,NA,NA,NA,NA,NA
"66","Colombia","79","COL",170,NA,NA,36962.5387589542,NA,NA,NA,NA,NA,NA,NA,NA,NA,NA,NA,NA
"67","Comoros","55-68","COM",174,NA,NA,NA,NA,NA,NA,NA,NA,NA,NA,NA,NA,NA,NA,NA
"68","Comoros","56","COM",174,NA,NA,NA,NA,NA,NA,NA,NA,NA,NA,NA,NA,NA,NA,NA
"69","Comoros","79","COM",174,NA,NA,NA,NA,NA,NA,NA,NA,NA,NA,NA,NA,NA,NA,NA
"70","Costa Rica","55-68","CRI",188,NA,NA,NA,NA,NA,NA,NA,NA,NA,NA,NA,NA,NA,NA,NA
"71","Costa Rica","56","CRI",188,52042.5,55133.75,107176.25,34312.25,38741,13301.5,20821.5,36.1470008514013,32.014788724181,12.410865280321,19.4273451440968,74.4410818081376,25.5589181918624,62.234565941914,37.765434058086
"72","Costa Rica","79","CRI",188,1199.75,5530.5,6730.25,1983.5,128.75,1071,3547,1.91300471750678,29.4714163664054,15.9132275918428,52.702351324245,10.7314023754949,89.2685976245051,35.8647500226019,64.135249977398
"73","Croatia","55-68","HRV",191,NA,NA,NA,NA,NA,NA,NA,NA,NA,NA,NA,NA,NA,NA,NA
"74","Croatia","56","HRV",191,NA,NA,58543.2,NA,NA,NA,NA,NA,NA,NA,NA,NA,NA,NA,NA
"75","Croatia","79","HRV",191,NA,NA,5681.06,NA,NA,NA,NA,NA,NA,NA,NA,NA,NA,NA,NA
"76","Cyprus","55-68","CYP",196,811,18088,18899,9651,183,628,8437,0.968305201333404,51.0661939785174,3.32292713900206,44.6425736811472,22.5647348951911,77.4352651048089,53.3558160106148,46.6441839893852
"77","Cyprus","56","CYP",196,2658,17809,20467,8935,942,1716,8873,4.60253090340548,43.6556407876093,8.38422826989788,43.3527141251771,35.4401805869075,64.5598194130926,50.1712617216014,49.8231231399854
"78","Cyprus","79","CYP",196,225,1192,1417,485,152,73,706,10.726887791108,34.227240649259,5.15172900494001,49.8235709244884,67.5555555555556,32.4444444444444,40.6879194630872,59.2281879194631
"79","El Salvador","55-68","SLV",222,NA,NA,NA,4668.66666666667,NA,NA,7963.91666666667,NA,NA,NA,NA,NA,NA,NA,NA
"80","El Salvador","56","SLV",222,NA,NA,NA,16509.75,NA,NA,16993,NA,NA,NA,NA,NA,NA,NA,NA
"81","El Salvador","79","SLV",222,NA,NA,NA,455.333333333333,NA,NA,419.5,NA,NA,NA,NA,NA,NA,NA,NA
"82","Fiji","55-68","FJI",242,NA,NA,NA,NA,NA,NA,NA,NA,NA,NA,NA,NA,NA,NA,NA
"83","Fiji","56","FJI",242,NA,NA,NA,NA,NA,NA,NA,NA,NA,NA,NA,NA,NA,NA,NA
"84","Fiji","79","FJI",242,NA,NA,NA,NA,NA,NA,NA,NA,NA,NA,NA,NA,NA,NA,NA
"85","Finland","55-68","FIN",246,1800,14200,16000,NA,NA,NA,NA,NA,NA,NA,NA,NA,NA,NA,NA
"86","Finland","56","FIN",246,10400,62400,72800,NA,NA,NA,NA,NA,NA,NA,NA,NA,NA,NA,NA
"87","Finland","79","FIN",246,400,2000,2400,NA,NA,NA,NA,NA,NA,NA,NA,NA,NA,NA,NA
"88","Georgia","55-68","GEO",268,NA,32295.476605607,32295.476605607,14119.185107243,NA,NA,18176.291498364,NA,43.718769905974,NA,56.281230094026,NA,NA,43.718769905974,56.281230094026
"89","Georgia","56","GEO",268,NA,22028.969492523,22028.969492523,13228.23604816,NA,NA,8800.733444363,NA,60.0492730840173,NA,39.9507269159827,NA,NA,60.0492730840173,39.9507269159827
"90","Georgia","79","GEO",268,NA,3167.447409177,3167.447409177,1804.975818678,NA,NA,1362.471590499,NA,56.9851866663506,NA,43.0148133336494,NA,NA,56.9851866663506,43.0148133336494
"91","Germany","55-68","DEU",276,NA,NA,NA,NA,NA,NA,NA,NA,NA,NA,NA,NA,NA,NA,NA
"92","Germany","56","DEU",276,NA,NA,NA,NA,NA,NA,NA,NA,NA,NA,NA,NA,NA,NA,NA
"93","Germany","79","DEU",276,NA,NA,NA,NA,NA,NA,NA,NA,NA,NA,NA,NA,NA,NA,NA
"94","Greece","55-68","GRC",300,22513.190305955,85182.6196013258,107695.809907281,48444.5442127229,9495.87763616201,13017.312669793,36738.0753886029,8.81731391809704,44.9827567613173,12.0871115422226,34.112817778363,42.179173662696,57.820826337304,56.8713951736334,43.1286048263666
"95","Greece","56","GRC",300,83476.8923342779,196636.033103237,280112.925437514,92717.1245032061,35797.9136224272,47678.9787118506,103918.908600031,12.7798149858718,33.0999093877547,17.021341888233,37.0989337381406,42.8836203905109,57.116379609489,47.1516451181296,52.8483548818703
"96","Greece","79","GRC",300,3628.11828855533,14482.7504083288,18110.8686968841,7919.44552393601,1891.19571317642,1736.92257537891,6563.30488439278,10.442324688168,43.7275851119086,9.59049841533959,36.2395917845838,52.1260764606843,47.8739235393156,54.6819167675614,45.3180832324386
"97","Guam","55-68","GUM",316,NA,NA,NA,NA,NA,NA,NA,NA,NA,NA,NA,NA,NA,NA,NA
"98","Guam","56","GUM",316,NA,NA,NA,NA,NA,NA,NA,NA,NA,NA,NA,NA,NA,NA,NA
"99","Guam","79","GUM",316,NA,NA,NA,NA,NA,NA,NA,NA,NA,NA,NA,NA,NA,NA,NA
"100","Hungary","55-68","HUN",348,NA,NA,39356,NA,NA,NA,NA,NA,NA,NA,NA,NA,NA,NA,NA
"101","Hungary","56","HUN",348,NA,NA,145195,73446,8400,11953,51396,5.78532318606013,50.5843865146871,8.23237714797341,35.3979131512793,NA,NA,NA,NA
"102","Hungary","79","HUN",348,NA,NA,NA,NA,NA,NA,NA,NA,NA,NA,NA,NA,NA,NA,NA
"103","India","55-68","IND",356,NA,NA,720042,NA,NA,NA,NA,NA,NA,NA,NA,NA,NA,NA,NA
"104","India","56","IND",356,NA,NA,9267818,NA,NA,NA,NA,NA,NA,NA,NA,NA,NA,NA,NA
"105","India","79","IND",356,NA,NA,1192290,NA,NA,NA,NA,NA,NA,NA,NA,NA,NA,NA,NA
"106","Israel","55-68","ISR",376,NA,NA,NA,NA,NA,NA,NA,NA,NA,NA,NA,NA,NA,NA,NA
"107","Israel","56","ISR",376,NA,NA,129774.083751399,NA,NA,NA,NA,NA,NA,NA,NA,NA,NA,NA,NA
"108","Israel","79","ISR",376,NA,NA,17251,NA,NA,NA,NA,NA,NA,NA,NA,NA,NA,NA,NA
"109","Italy","55-68","ITA",380,147736.875,288177.85,435914.725,161499.125,62796.225,84940.65,126678.725,14.4056214205657,37.0483298080834,19.485611549369,29.0604372219819,42.5054509918394,57.4945490081606,56.0414775111966,43.9585224888034
"110","Italy","56","ITA",380,307659.625,806802.3,1114461.925,424675.175,119884.225,187775.4,382127.125,10.7571395945178,38.1058487036244,16.848974001512,34.2880377003458,38.966512099207,61.033487900793,52.6368324681276,47.3631675318724
"111","Italy","79","ITA",380,15943.925,32488.475,48432.4,22823.075,9506.8,6437.125,9665.4,19.6290086801397,47.1235681073001,13.2909477952775,19.9564754172826,59.6264721516189,40.3735278483811,70.2497577987271,29.7502422012729
"112","Japan","55-68","JPN",392,NA,NA,NA,NA,NA,NA,NA,NA,NA,NA,NA,NA,NA,NA,NA
"113","Japan","56","JPN",392,NA,NA,NA,NA,NA,NA,NA,NA,NA,NA,NA,NA,NA,NA,NA
"114","Japan","79","JPN",392,NA,NA,NA,NA,NA,NA,NA,NA,NA,NA,NA,NA,NA,NA,NA
"115","Kazakhstan","55-68","KAZ",398,39213,181862,221075,NA,NA,NA,NA,NA,NA,NA,NA,NA,NA,NA,NA
"116","Kazakhstan","56","KAZ",398,30142,113236,143378,NA,NA,NA,NA,NA,NA,NA,NA,NA,NA,NA,NA
"117","Kazakhstan","79","KAZ",398,663,8790,9453,NA,NA,NA,NA,NA,NA,NA,NA,NA,NA,NA,NA
"118","Korea, Republic of","55-68","KOR",410,NA,NA,86455,32489,6641,7271,40054,7.68145277890232,37.5790873865016,8.41015557226303,46.329304262333,NA,NA,NA,NA
"119","Korea, Republic of","56","KOR",410,NA,NA,21917,10859,952,1373,8733,4.34366017246886,49.546014509285,6.26454350504175,39.8457818132044,NA,NA,NA,NA
"120","Korea, Republic of","79","KOR",410,NA,NA,55201,22485,2226,3407,27083,4.03253564247025,40.7329577362729,6.17198963786888,49.062516983388,NA,NA,NA,NA
"121","Lebanon","55-68","LBN",422,NA,NA,NA,NA,NA,NA,NA,NA,NA,NA,NA,NA,NA,NA,NA
"122","Lebanon","56","LBN",422,NA,NA,NA,NA,NA,NA,NA,NA,NA,NA,NA,NA,NA,NA,NA
"123","Lebanon","79","LBN",422,NA,NA,NA,NA,NA,NA,NA,NA,NA,NA,NA,NA,NA,NA,NA
"124","Lithuania","55-68","LTU",440,NA,NA,NA,NA,NA,NA,NA,NA,NA,NA,NA,NA,NA,NA,NA
"125","Lithuania","56","LTU",440,NA,NA,16397,NA,NA,NA,NA,NA,NA,NA,NA,NA,NA,NA,NA
"126","Lithuania","79","LTU",440,NA,NA,2641,NA,NA,NA,NA,NA,NA,NA,NA,NA,NA,NA,NA
"127","Luxembourg","55-68","LUX",442,NA,NA,NA,NA,NA,NA,NA,NA,NA,NA,NA,NA,NA,NA,NA
"128","Luxembourg","56","LUX",442,NA,NA,NA,NA,NA,NA,NA,NA,NA,NA,NA,NA,NA,NA,NA
"129","Luxembourg","79","LUX",442,NA,NA,NA,NA,NA,NA,NA,NA,NA,NA,NA,NA,NA,NA,NA
"130","Macao, China","55-68","MAC",446,NA,24400,24500,10900,NA,NA,13500,NA,44.4897959183673,NA,55.1020408163265,NA,NA,44.672131147541,55.327868852459
"131","Macao, China","56","MAC",446,1600,19100,20700,9200,500,1100,9900,2.41545893719807,44.4444444444444,5.31400966183575,47.8260869565217,31.25,68.75,48.1675392670157,51.8324607329843
"132","Macao, China","79","MAC",446,NA,1600,1600,700,NA,NA,900,NA,43.75,NA,56.25,NA,NA,43.75,56.25
"133","Malaysia","55-68","MYS",458,NA,NA,201027.653608823,NA,NA,NA,NA,NA,NA,NA,NA,NA,NA,NA,NA
"134","Malaysia","56","MYS",458,NA,NA,1266805.84411324,NA,NA,NA,NA,NA,NA,NA,NA,NA,NA,NA,NA
"135","Malaysia","79","MYS",458,NA,NA,28051.5757145977,NA,NA,NA,NA,NA,NA,NA,NA,NA,NA,NA,NA
"136","Maldives","55-68","MDV",462,NA,NA,NA,NA,NA,NA,NA,NA,NA,NA,NA,NA,NA,NA,NA
"137","Maldives","56","MDV",462,996,11342,12338,1469,297,699,9873,2.40719727670611,11.9063057221592,5.66542389366186,80.0210731074728,29.8192771084337,70.1807228915663,12.9518603420913,87.0481396579087
"138","Maldives","79","MDV",462,225,1173,1398,420,33,192,753,2.36051502145923,30.0429184549356,13.7339055793991,53.862660944206,14.6666666666667,85.3333333333333,35.8056265984655,64.1943734015345
"139","Mali","55-68","MLI",466,NA,NA,NA,NA,NA,NA,NA,NA,NA,NA,NA,NA,NA,NA,NA
"140","Mali","56","MLI",466,NA,NA,NA,NA,NA,NA,NA,NA,NA,NA,NA,NA,NA,NA,NA
"141","Mali","79","MLI",466,NA,NA,NA,NA,NA,NA,NA,NA,NA,NA,NA,NA,NA,NA,NA
"142","Mexico","55-68","MEX",484,NA,348039,348039,NA,NA,NA,NA,NA,NA,NA,NA,NA,NA,NA,NA
"143","Mexico","56","MEX",484,NA,754999,754999,NA,NA,NA,NA,NA,NA,NA,NA,NA,NA,NA,NA
"144","Mexico","79","MEX",484,NA,27085,27085,NA,NA,NA,NA,NA,NA,NA,NA,NA,NA,NA,NA
"145","Moldova, Republic of","55-68","MDA",498,NA,NA,4759,NA,NA,NA,NA,NA,NA,NA,NA,NA,NA,NA,NA
"146","Moldova, Republic of","56","MDA",498,NA,NA,14265,NA,NA,NA,NA,NA,NA,NA,NA,NA,NA,NA,NA
"147","Moldova, Republic of","79","MDA",498,NA,NA,856,NA,NA,NA,NA,NA,NA,NA,NA,NA,NA,NA,NA
"148","Montenegro","55-68","MNE",499,3256.87360199308,11870.7339259452,NA,6390.80764623981,1535.06492546313,1721.80867652995,5479.92627970541,NA,NA,NA,NA,47.1330826140668,52.8669173859332,53.836668281072,46.163331718928
"149","Montenegro","56","MNE",499,1673.61527499178,10487.652076427,NA,4195.61112202603,NA,NA,6292.04095440096,NA,NA,NA,NA,NA,NA,40.0052470414848,59.9947529585152
"150","Montenegro","79","MNE",499,NA,NA,NA,NA,NA,NA,NA,NA,NA,NA,NA,NA,NA,NA,NA
"151","Myanmar","55-68","MMR",104,NA,NA,NA,NA,NA,NA,NA,NA,NA,NA,NA,NA,NA,NA,NA
"152","Myanmar","56","MMR",104,NA,NA,NA,NA,NA,NA,NA,NA,NA,NA,NA,NA,NA,NA,NA
"153","Myanmar","79","MMR",104,NA,NA,NA,NA,NA,NA,NA,NA,NA,NA,NA,NA,NA,NA,NA
"154","New Caledonia","55-68","NCL",540,NA,NA,NA,NA,NA,NA,NA,NA,NA,NA,NA,NA,NA,NA,NA
"155","New Caledonia","56","NCL",540,NA,NA,NA,NA,NA,NA,NA,NA,NA,NA,NA,NA,NA,NA,NA
"156","New Caledonia","79","NCL",540,NA,NA,NA,NA,NA,NA,NA,NA,NA,NA,NA,NA,NA,NA,NA
"157","Romania","55-68","ROU",642,4994,66441,71435,42209,1891,3102,24232,2.64716175544201,59.087282144607,4.34240918317351,33.9217470427661,37.8654385262315,62.1145374449339,63.5285441218525,36.4714558781475
"158","Romania","56","ROU",642,6694,130106,136800,77950,2625,4069,52156,1.91885964912281,56.9809941520468,2.97441520467836,38.125730994152,39.2142216910666,60.7857783089334,59.9126865786359,40.0873134213641
"159","Romania","79","ROU",642,719,12385,13103,7573,324,395,4811,2.47271617186904,57.7959245974204,3.01457681446997,36.7167824162406,45.0625869262865,54.9374130737135,61.1465482438434,38.8453774727493
"160","Saudi Arabia","55-68","SAU",682,NA,NA,110095,NA,NA,NA,NA,NA,NA,NA,NA,NA,NA,NA,NA
"161","Saudi Arabia","56","SAU",682,NA,NA,608722,NA,NA,NA,NA,NA,NA,NA,NA,NA,NA,NA,NA
"162","Saudi Arabia","79","SAU",682,NA,NA,19892,NA,NA,NA,NA,NA,NA,NA,NA,NA,NA,NA,NA
"163","Sweden","55-68","SWE",752,NA,NA,NA,NA,NA,NA,NA,NA,NA,NA,NA,NA,NA,NA,NA
"164","Sweden","56","SWE",752,NA,NA,NA,NA,NA,NA,NA,NA,NA,NA,NA,NA,NA,NA,NA
"165","Sweden","79","SWE",752,NA,NA,NA,NA,NA,NA,NA,NA,NA,NA,NA,NA,NA,NA,NA
"166","Taiwan Province of China","55-68","TWN",NA,NA,NA,94495,NA,NA,NA,NA,NA,NA,NA,NA,NA,NA,NA,NA
"167","Taiwan Province of China","56","TWN",NA,NA,NA,419377,NA,NA,NA,NA,NA,NA,NA,NA,NA,NA,NA,NA
"168","Taiwan Province of China","79","TWN",NA,NA,NA,32629,NA,NA,NA,NA,NA,NA,NA,NA,NA,NA,NA,NA
"169","United Kingdom","55-68","GBR",826,NA,NA,NA,NA,NA,NA,NA,NA,NA,NA,NA,NA,NA,NA,NA
"170","United Kingdom","56","GBR",826,NA,NA,NA,NA,NA,NA,NA,NA,NA,NA,NA,NA,NA,NA,NA
"171","United Kingdom","79","GBR",826,NA,NA,NA,NA,NA,NA,NA,NA,NA,NA,NA,NA,NA,NA,NA
"172","North Macedonia","55-68","MKD",807,NA,NA,NA,NA,NA,NA,NA,NA,NA,NA,NA,NA,NA,NA,NA
"173","North Macedonia","56","MKD",807,NA,NA,18730.307307148,NA,NA,NA,NA,NA,NA,NA,NA,NA,NA,NA,NA
"174","North Macedonia","79","MKD",807,NA,NA,1176,NA,NA,NA,NA,NA,NA,NA,NA,NA,NA,NA,NA
"175","Pakistan","55-68","PAK",586,NA,NA,NA,NA,NA,NA,NA,NA,NA,NA,NA,NA,NA,NA,NA
"176","Pakistan","56","PAK",586,NA,NA,NA,NA,NA,NA,NA,NA,NA,NA,NA,NA,NA,NA,NA
"177","Pakistan","79","PAK",586,NA,NA,NA,NA,NA,NA,NA,NA,NA,NA,NA,NA,NA,NA,NA
"178","Peru","55-68","PER",604,NA,NA,100374.011236966,NA,NA,NA,NA,NA,NA,NA,NA,NA,NA,NA,NA
"179","Peru","56","PER",604,534016.535080676,500807.641240881,1161542.29118966,319978.524773578,454322.917026515,79693.6180541616,180829.116467302,39.1137645587742,27.5477291873596,6.86101734380579,15.5680183010897,85.0765635857845,14.9234364142155,63.8925005179132,36.1074994820868
"180","Peru","79","PER",604,NA,NA,20009.8355136564,NA,NA,NA,NA,NA,NA,NA,NA,NA,NA,NA,NA
"181","Philippines","55-68","PHL",608,NA,NA,NA,NA,NA,NA,NA,NA,NA,NA,NA,NA,NA,NA,NA
"182","Philippines","56","PHL",608,NA,NA,NA,NA,NA,NA,NA,NA,NA,NA,NA,NA,NA,NA,NA
"183","Philippines","79","PHL",608,NA,NA,NA,NA,NA,NA,NA,NA,NA,NA,NA,NA,NA,NA,NA
"184","Poland","55-68","POL",616,NA,NA,NA,NA,NA,NA,NA,NA,NA,NA,NA,NA,NA,NA,NA
"185","Poland","56","POL",616,NA,NA,278314.26,NA,NA,NA,NA,NA,NA,NA,NA,NA,NA,NA,NA
"186","Poland","79","POL",616,NA,NA,14651,NA,NA,NA,NA,NA,NA,NA,NA,NA,NA,NA,NA
"187","French Polynesia","55-68","PYF",258,NA,NA,NA,NA,NA,NA,NA,NA,NA,NA,NA,NA,NA,NA,NA
"188","French Polynesia","56","PYF",258,1236,2622,NA,1676,631,605,946,NA,NA,NA,NA,51.0517799352751,48.9482200647249,63.9206712433257,36.0793287566743
"189","French Polynesia","79","PYF",258,NA,261,NA,187,NA,NA,74,NA,NA,NA,NA,NA,NA,71.6475095785441,28.3524904214559
"190","Portugal","55-68","PRT",620,NA,NA,214058,NA,NA,NA,NA,NA,NA,NA,NA,NA,NA,NA,NA
"191","Portugal","56","PRT",620,NA,NA,285262,NA,NA,NA,NA,NA,NA,NA,NA,NA,NA,NA,NA
"192","Portugal","79","PRT",620,NA,NA,13508,NA,NA,NA,NA,NA,NA,NA,NA,NA,NA,NA,NA
"193","Serbia","55-68","SRB",688,NA,NA,26202,NA,NA,NA,NA,NA,NA,NA,NA,NA,NA,NA,NA
"194","Serbia","56","SRB",688,NA,NA,68291,NA,NA,NA,NA,NA,NA,NA,NA,NA,NA,NA,NA
"195","Serbia","79","SRB",688,NA,NA,3474,NA,NA,NA,NA,NA,NA,NA,NA,NA,NA,NA,NA
"196","Slovakia","55-68","SVK",703,NA,NA,NA,NA,NA,NA,NA,NA,NA,NA,NA,NA,NA,NA,NA
"197","Slovakia","56","SVK",703,NA,NA,56950.9754144668,NA,NA,NA,NA,NA,NA,NA,NA,NA,NA,NA,NA
"198","Slovakia","79","SVK",703,NA,NA,2257.92,NA,NA,NA,NA,NA,NA,NA,NA,NA,NA,NA,NA
"199","Slovenia","55-68","SVN",705,NA,NA,16616,NA,NA,NA,NA,NA,NA,NA,NA,NA,NA,NA,NA
"200","Slovenia","56","SVN",705,NA,NA,25354,NA,NA,NA,NA,NA,NA,NA,NA,NA,NA,NA,NA
"201","Slovenia","79","SVN",705,NA,NA,2007,NA,NA,NA,NA,NA,NA,NA,NA,NA,NA,NA,NA
"202","Switzerland","55-68","CHE",756,NA,NA,38711.1680993871,NA,NA,NA,NA,NA,NA,NA,NA,NA,NA,NA,NA
"203","Switzerland","56","CHE",756,NA,NA,37239.2046619432,NA,NA,NA,NA,NA,NA,NA,NA,NA,NA,NA,NA
"204","Switzerland","79","CHE",756,NA,NA,10408.4520096775,NA,NA,NA,NA,NA,NA,NA,NA,NA,NA,NA,NA
"205","Tajikistan","55-68","TJK",762,NA,4597,4597,2289,NA,NA,2308,NA,49.7933434848814,NA,50.2066565151186,NA,NA,49.7933434848814,50.2066565151186
"206","Tajikistan","56","TJK",762,NA,3085,3085,1513,NA,NA,1572,NA,49.0437601296596,NA,50.9562398703404,NA,NA,49.0437601296596,50.9562398703404
"207","Tajikistan","79","TJK",762,NA,1040,1040,472,NA,NA,568,NA,45.3846153846154,NA,54.6153846153846,NA,NA,45.3846153846154,54.6153846153846
"208","Uzbekistan","55-68","UZB",860,NA,NA,58577,NA,NA,NA,NA,NA,NA,NA,NA,NA,NA,NA,NA
"209","Uzbekistan","56","UZB",860,NA,NA,83750,NA,NA,NA,NA,NA,NA,NA,NA,NA,NA,NA,NA
"210","Uzbekistan","79","UZB",860,NA,NA,3775,NA,NA,NA,NA,NA,NA,NA,NA,NA,NA,NA,NA
"211","Mauritius","55-68","MUS",480,NA,NA,21811,NA,NA,NA,NA,NA,NA,NA,NA,NA,NA,NA,NA
"212","Mauritius","56","MUS",480,NA,NA,2992,NA,NA,NA,NA,NA,NA,NA,NA,NA,NA,NA,NA
"213","Mauritius","79","MUS",480,NA,NA,739,NA,NA,NA,NA,NA,NA,NA,NA,NA,NA,NA,NA
"214","Argentina","55-68","ARG",32,NA,NA,NA,NA,NA,NA,NA,NA,NA,NA,NA,NA,NA,NA,NA
"215","Argentina","56","ARG",32,NA,NA,NA,NA,NA,NA,NA,NA,NA,NA,NA,NA,NA,NA,NA
"216","Argentina","79","ARG",32,8745.25,17319,26064.25,10186.75,3975,4770.25,7132.25,15.250774528329,39.0832270255235,18.3018886022042,27.3641098439433,45.4532460478545,54.5467539521455,58.8183497892488,41.1816502107512
"217","Bangladesh","55-68","BGD",50,NA,NA,NA,NA,NA,NA,NA,NA,NA,NA,NA,NA,NA,NA,NA
"218","Bangladesh","56","BGD",50,NA,NA,NA,NA,NA,NA,NA,NA,NA,NA,NA,NA,NA,NA,NA
"219","Bangladesh","79","BGD",50,NA,NA,NA,NA,NA,NA,NA,NA,NA,NA,NA,NA,NA,NA,NA
"220","Belarus","55-68","BLR",112,NA,NA,NA,NA,NA,NA,NA,NA,NA,NA,NA,NA,NA,NA,NA
"221","Belarus","56","BLR",112,NA,NA,NA,NA,NA,NA,NA,NA,NA,NA,NA,NA,NA,NA,NA
"222","Belarus","79","BLR",112,NA,NA,NA,NA,NA,NA,NA,NA,NA,NA,NA,NA,NA,NA,NA
"223","Bhutan","55-68","BTN",64,NA,NA,NA,NA,NA,NA,NA,NA,NA,NA,NA,NA,NA,NA,NA
"224","Bhutan","56","BTN",64,5356.51398158074,1303.63007211685,6660.14405369759,753.803215026856,3835.29788947105,1521.21609210968,549.826857089996,57.5858098345751,11.3181217845935,22.8405884293918,8.25547995143952,71.6006324758856,28.3993675241142,57.8233987654812,42.176601234519
"225","Bhutan","79","BTN",64,511.040599822998,602.759561061858,1113.80016088486,143.198770523071,182.44756603241,328.593033790588,459.560790538787,16.3806374284831,12.8567740921592,29.5019739923127,41.2606144870449,35.7011881434863,64.2988118565136,23.7571960319972,76.2428039680028
"226","Burkina Faso","55-68","BFA",854,NA,NA,NA,NA,NA,NA,NA,NA,NA,NA,NA,NA,NA,NA,NA
"227","Burkina Faso","56","BFA",854,NA,NA,NA,NA,NA,NA,NA,NA,NA,NA,NA,NA,NA,NA,NA
"228","Burkina Faso","79","BFA",854,NA,NA,NA,NA,NA,NA,NA,NA,NA,NA,NA,NA,NA,NA,NA
"229","Botswana","55-68","BWA",72,NA,NA,NA,NA,NA,NA,NA,NA,NA,NA,NA,NA,NA,NA,NA
"230","Botswana","56","BWA",72,8247.98999786376,7474.07003593445,15722.0600337982,6163.75003814697,NA,NA,NA,NA,39.2044682751278,NA,NA,NA,NA,82.468454383119,NA
"231","Botswana","79","BWA",72,NA,NA,NA,NA,NA,NA,NA,NA,NA,NA,NA,NA,NA,NA,NA
"232","Burundi","55-68","BDI",108,NA,NA,NA,NA,NA,NA,NA,NA,NA,NA,NA,NA,NA,NA,NA
"233","Burundi","56","BDI",108,NA,NA,NA,NA,NA,NA,NA,NA,NA,NA,NA,NA,NA,NA,NA
"234","Burundi","79","BDI",108,NA,NA,NA,NA,NA,NA,NA,NA,NA,NA,NA,NA,NA,NA,NA
"235","Cambodia","55-68","KHM",116,NA,NA,NA,NA,NA,NA,NA,NA,NA,NA,NA,NA,NA,NA,NA
"236","Cambodia","56","KHM",116,NA,NA,NA,NA,NA,NA,NA,NA,NA,NA,NA,NA,NA,NA,NA
"237","Cambodia","79","KHM",116,NA,NA,NA,NA,NA,NA,NA,NA,NA,NA,NA,NA,NA,NA,NA
"238","Eswatini","55-68","SWZ",748,NA,NA,NA,NA,NA,NA,NA,NA,NA,NA,NA,NA,NA,NA,NA
"239","Eswatini","56","SWZ",748,NA,NA,NA,NA,NA,NA,NA,NA,NA,NA,NA,NA,NA,NA,NA
"240","Eswatini","79","SWZ",748,NA,NA,NA,NA,NA,NA,NA,NA,NA,NA,NA,NA,NA,NA,NA
"241","Egypt","55-68","EGY",818,NA,NA,NA,NA,NA,NA,NA,NA,NA,NA,NA,NA,NA,NA,NA
"242","Egypt","56","EGY",818,NA,602535.618011475,727589.622009277,NA,11320.6782073975,NA,591954.968231202,1.55591529413721,NA,NA,81.3583578331542,NA,NA,NA,98.2439793658685
"243","Egypt","79","EGY",818,6409.59358215332,NA,NA,NA,NA,NA,43418.0986633301,NA,NA,NA,NA,NA,NA,NA,NA
"244","Congo, Democratic Republic of the","55-68","COD",180,NA,NA,NA,NA,NA,NA,NA,NA,NA,NA,NA,NA,NA,NA,NA
"245","Congo, Democratic Republic of the","56","COD",180,NA,NA,NA,NA,NA,NA,NA,NA,NA,NA,NA,NA,NA,NA,NA
"246","Congo, Democratic Republic of the","79","COD",180,NA,NA,NA,NA,NA,NA,NA,NA,NA,NA,NA,NA,NA,NA,NA
"247","Guatemala","55-68","GTM",320,NA,NA,NA,NA,NA,NA,NA,NA,NA,NA,NA,NA,NA,NA,NA
"248","Guatemala","56","GTM",320,NA,NA,NA,NA,NA,NA,NA,NA,NA,NA,NA,NA,NA,NA,NA
"249","Guatemala","79","GTM",320,NA,NA,NA,NA,NA,NA,NA,NA,NA,NA,NA,NA,NA,NA,NA
"250","Cameroon","55-68","CMR",120,NA,NA,NA,NA,NA,NA,NA,NA,NA,NA,NA,NA,NA,NA,NA
"251","Cameroon","56","CMR",120,NA,NA,NA,NA,NA,NA,NA,NA,NA,NA,NA,NA,NA,NA,NA
"252","Cameroon","79","CMR",120,NA,NA,NA,NA,NA,NA,NA,NA,NA,NA,NA,NA,NA,NA,NA
"253","Gambia","55-68","GMB",270,NA,NA,NA,NA,NA,NA,NA,NA,NA,NA,NA,NA,NA,NA,NA
"254","Gambia","56","GMB",270,NA,NA,NA,NA,NA,NA,NA,NA,NA,NA,NA,NA,NA,NA,NA
"255","Gambia","79","GMB",270,NA,NA,NA,NA,NA,NA,NA,NA,NA,NA,NA,NA,NA,NA,NA
"256","Ghana","55-68","GHA",288,NA,NA,NA,NA,NA,NA,NA,NA,NA,NA,NA,NA,NA,NA,NA
"257","Ghana","56","GHA",288,NA,NA,NA,NA,NA,NA,NA,NA,NA,NA,NA,NA,NA,NA,NA
"258","Ghana","79","GHA",288,NA,NA,NA,NA,NA,NA,NA,NA,NA,NA,NA,NA,NA,NA,NA
"259","Guinea-Bissau","55-68","GNB",624,NA,NA,NA,NA,NA,NA,NA,NA,NA,NA,NA,NA,NA,NA,NA
"260","Guinea-Bissau","56","GNB",624,NA,NA,NA,NA,NA,NA,NA,NA,NA,NA,NA,NA,NA,NA,NA
"261","Guinea-Bissau","79","GNB",624,NA,NA,NA,NA,NA,NA,NA,NA,NA,NA,NA,NA,NA,NA,NA
"262","Iran (Islamic Republic of)","55-68","IRN",364,NA,NA,NA,NA,NA,NA,NA,NA,NA,NA,NA,NA,NA,NA,NA
"263","Iran (Islamic Republic of)","56","IRN",364,NA,NA,NA,NA,NA,NA,NA,NA,NA,NA,NA,NA,NA,NA,NA
"264","Iran (Islamic Republic of)","79","IRN",364,NA,NA,NA,NA,NA,NA,NA,NA,NA,NA,NA,NA,NA,NA,NA
"265","Indonesia","55-68","IDN",360,NA,NA,NA,NA,NA,NA,NA,NA,NA,NA,NA,NA,NA,NA,NA
"266","Indonesia","56","IDN",360,NA,NA,NA,NA,NA,NA,NA,NA,NA,NA,NA,NA,NA,NA,NA
"267","Indonesia","79","IDN",360,NA,NA,NA,NA,NA,NA,NA,NA,NA,NA,NA,NA,NA,NA,NA
"268","Iceland","55-68","ISL",352,NA,NA,NA,NA,NA,NA,NA,NA,NA,NA,NA,NA,NA,NA,NA
"269","Iceland","56","ISL",352,NA,NA,NA,NA,NA,NA,NA,NA,NA,NA,NA,NA,NA,NA,NA
"270","Iceland","79","ISL",352,NA,NA,NA,NA,NA,NA,NA,NA,NA,NA,NA,NA,NA,NA,NA
"271","Ireland","55-68","IRL",372,NA,NA,NA,NA,NA,NA,NA,NA,NA,NA,NA,NA,NA,NA,NA
"272","Ireland","56","IRL",372,NA,NA,NA,NA,NA,NA,NA,NA,NA,NA,NA,NA,NA,NA,NA
"273","Ireland","79","IRL",372,NA,NA,NA,NA,NA,NA,NA,NA,NA,NA,NA,NA,NA,NA,NA
"274","Iraq","55-68","IRQ",368,NA,NA,NA,NA,NA,NA,NA,NA,NA,NA,NA,NA,NA,NA,NA
"275","Iraq","56","IRQ",368,NA,NA,NA,NA,NA,NA,NA,NA,NA,NA,NA,NA,NA,NA,NA
"276","Iraq","79","IRQ",368,NA,NA,NA,NA,NA,NA,NA,NA,NA,NA,NA,NA,NA,NA,NA
"277","Jordan","55-68","JOR",400,NA,NA,NA,NA,NA,NA,NA,NA,NA,NA,NA,NA,NA,NA,NA
"278","Jordan","56","JOR",400,NA,NA,NA,NA,NA,NA,NA,NA,NA,NA,NA,NA,NA,NA,NA
"279","Jordan","79","JOR",400,NA,NA,NA,NA,NA,NA,NA,NA,NA,NA,NA,NA,NA,NA,NA
"280","Jamaica","55-68","JAM",388,NA,NA,NA,NA,NA,NA,NA,NA,NA,NA,NA,NA,NA,NA,NA
"281","Jamaica","56","JAM",388,NA,NA,NA,NA,NA,NA,NA,NA,NA,NA,NA,NA,NA,NA,NA
"282","Jamaica","79","JAM",388,NA,NA,NA,NA,NA,NA,NA,NA,NA,NA,NA,NA,NA,NA,NA
"283","Kiribati","55-68","KIR",296,NA,NA,NA,NA,NA,NA,NA,NA,NA,NA,NA,NA,NA,NA,NA
"284","Kiribati","56","KIR",296,NA,NA,NA,NA,NA,NA,NA,NA,NA,NA,NA,NA,NA,NA,NA
"285","Kiribati","79","KIR",296,NA,NA,NA,NA,NA,NA,NA,NA,NA,NA,NA,NA,NA,NA,NA
"286","Kyrgyzstan","55-68","KGZ",417,NA,NA,NA,NA,NA,NA,NA,NA,NA,NA,NA,NA,NA,NA,NA
"287","Kyrgyzstan","56","KGZ",417,NA,NA,NA,NA,NA,NA,NA,NA,NA,NA,NA,NA,NA,NA,NA
"288","Kyrgyzstan","79","KGZ",417,NA,NA,NA,NA,NA,NA,NA,NA,NA,NA,NA,NA,NA,NA,NA
"289","Mongolia","55-68","MNG",496,NA,NA,NA,NA,NA,NA,NA,NA,NA,NA,NA,NA,NA,NA,NA
"290","Mongolia","56","MNG",496,4240.87940597534,NA,NA,NA,3145.4213848114,1095.45802116394,NA,NA,NA,NA,NA,74.169083430657,25.830916569343,NA,NA
"291","Mongolia","79","MNG",496,NA,NA,NA,NA,NA,NA,NA,NA,NA,NA,NA,NA,NA,NA,NA
"292","Lesotho","55-68","LSO",426,NA,NA,NA,NA,NA,NA,NA,NA,NA,NA,NA,NA,NA,NA,NA
"293","Lesotho","56","LSO",426,NA,NA,NA,NA,NA,NA,NA,NA,NA,NA,NA,NA,NA,NA,NA
"294","Lesotho","79","LSO",426,NA,NA,NA,NA,NA,NA,NA,NA,NA,NA,NA,NA,NA,NA,NA
"295","Lao People  Democratic Republic","55-68","LAO",418,NA,NA,NA,NA,NA,NA,NA,NA,NA,NA,NA,NA,NA,NA,NA
"296","Lao People  Democratic Republic","56","LAO",418,2564.59299468994,NA,3134.61878204346,NA,NA,NA,NA,NA,NA,NA,NA,NA,NA,NA,NA
"297","Lao People  Democratic Republic","79","LAO",418,NA,NA,NA,NA,NA,NA,NA,NA,NA,NA,NA,NA,NA,NA,NA
"298","Micronesia, Federated States of","55-68","FSM",583,NA,NA,NA,NA,NA,NA,NA,NA,NA,NA,NA,NA,NA,NA,NA
"299","Micronesia, Federated States of","56","FSM",583,NA,NA,NA,NA,NA,NA,NA,NA,NA,NA,NA,NA,NA,NA,NA
"300","Micronesia, Federated States of","79","FSM",583,NA,NA,NA,NA,NA,NA,NA,NA,NA,NA,NA,NA,NA,NA,NA
"301","Mauritania","55-68","MRT",478,NA,NA,NA,NA,NA,NA,NA,NA,NA,NA,NA,NA,NA,NA,NA
"302","Mauritania","56","MRT",478,NA,NA,NA,NA,NA,NA,NA,NA,NA,NA,NA,NA,NA,NA,NA
"303","Mauritania","79","MRT",478,NA,NA,NA,NA,NA,NA,NA,NA,NA,NA,NA,NA,NA,NA,NA
"304","Sierra Leone","55-68","SLE",694,NA,NA,NA,NA,NA,NA,NA,NA,NA,NA,NA,NA,NA,NA,NA
"305","Sierra Leone","56","SLE",694,NA,NA,NA,NA,NA,NA,NA,NA,NA,NA,NA,NA,NA,NA,NA
"306","Sierra Leone","79","SLE",694,NA,NA,NA,NA,NA,NA,NA,NA,NA,NA,NA,NA,NA,NA,NA
"307","Suriname","55-68","SUR",740,NA,NA,NA,NA,NA,NA,NA,NA,NA,NA,NA,NA,NA,NA,NA
"308","Suriname","56","SUR",740,NA,NA,NA,NA,NA,NA,NA,NA,NA,NA,NA,NA,NA,NA,NA
"309","Suriname","79","SUR",740,NA,NA,NA,NA,NA,NA,NA,NA,NA,NA,NA,NA,NA,NA,NA
"310","Solomon Islands","55-68","SLB",90,NA,NA,NA,NA,NA,NA,NA,NA,NA,NA,NA,NA,NA,NA,NA
"311","Solomon Islands","56","SLB",90,NA,NA,NA,NA,NA,NA,NA,NA,NA,NA,NA,NA,NA,NA,NA
"312","Solomon Islands","79","SLB",90,NA,NA,NA,NA,NA,NA,NA,NA,NA,NA,NA,NA,NA,NA,NA
"313","Chad","55-68","TCD",148,NA,NA,NA,NA,NA,NA,NA,NA,NA,NA,NA,NA,NA,NA,NA
"314","Chad","56","TCD",148,NA,NA,NA,NA,NA,NA,NA,NA,NA,NA,NA,NA,NA,NA,NA
"315","Chad","79","TCD",148,NA,NA,NA,NA,NA,NA,NA,NA,NA,NA,NA,NA,NA,NA,NA
"316","Tanzania, United Republic of","55-68","TZA",834,NA,NA,NA,NA,NA,NA,NA,NA,NA,NA,NA,NA,NA,NA,NA
"317","Tanzania, United Republic of","56","TZA",834,NA,NA,NA,NA,NA,NA,NA,NA,NA,NA,NA,NA,NA,NA,NA
"318","Tanzania, United Republic of","79","TZA",834,NA,NA,NA,NA,NA,NA,NA,NA,NA,NA,NA,NA,NA,NA,NA
"319","Togo","55-68","TGO",768,NA,NA,NA,NA,NA,NA,NA,NA,NA,NA,NA,NA,NA,NA,NA
"320","Togo","56","TGO",768,NA,NA,NA,NA,NA,NA,NA,NA,NA,NA,NA,NA,NA,NA,NA
"321","Togo","79","TGO",768,NA,NA,NA,NA,NA,NA,NA,NA,NA,NA,NA,NA,NA,NA,NA
"322","Mozambique","55-68","MOZ",508,NA,NA,NA,NA,NA,NA,NA,NA,NA,NA,NA,NA,NA,NA,NA
"323","Mozambique","56","MOZ",508,NA,NA,NA,NA,NA,NA,NA,NA,NA,NA,NA,NA,NA,NA,NA
"324","Mozambique","79","MOZ",508,NA,NA,NA,NA,NA,NA,NA,NA,NA,NA,NA,NA,NA,NA,NA
"325","Tonga","55-68","TON",776,NA,NA,NA,NA,NA,NA,NA,NA,NA,NA,NA,NA,NA,NA,NA
"326","Tonga","56","TON",776,NA,NA,NA,NA,NA,NA,NA,NA,NA,NA,NA,NA,NA,NA,NA
"327","Tonga","79","TON",776,NA,NA,NA,NA,NA,NA,NA,NA,NA,NA,NA,NA,NA,NA,NA
"328","Nicaragua","55-68","NIC",558,NA,NA,NA,NA,NA,NA,NA,NA,NA,NA,NA,NA,NA,NA,NA
"329","Nicaragua","56","NIC",558,NA,NA,NA,NA,NA,NA,NA,NA,NA,NA,NA,NA,NA,NA,NA
"330","Nicaragua","79","NIC",558,NA,NA,NA,NA,NA,NA,NA,NA,NA,NA,NA,NA,NA,NA,NA
"331","Palau","55-68","PLW",585,NA,NA,NA,NA,NA,NA,NA,NA,NA,NA,NA,NA,NA,NA,NA
"332","Palau","56","PLW",585,NA,NA,NA,NA,NA,NA,NA,NA,NA,NA,NA,NA,NA,NA,NA
"333","Palau","79","PLW",585,NA,NA,NA,NA,NA,NA,NA,NA,NA,NA,NA,NA,NA,NA,NA
"334","Trinidad and Tobago","55-68","TTO",780,NA,NA,NA,NA,NA,NA,NA,NA,NA,NA,NA,NA,NA,NA,NA
"335","Trinidad and Tobago","56","TTO",780,NA,NA,NA,NA,NA,NA,NA,NA,NA,NA,NA,NA,NA,NA,NA
"336","Trinidad and Tobago","79","TTO",780,NA,NA,NA,NA,NA,NA,NA,NA,NA,NA,NA,NA,NA,NA,NA
"337","Panama","55-68","PAN",591,NA,NA,NA,NA,NA,NA,NA,NA,NA,NA,NA,NA,NA,NA,NA
"338","Panama","56","PAN",591,NA,NA,NA,NA,NA,NA,NA,NA,NA,NA,NA,NA,NA,NA,NA
"339","Panama","79","PAN",591,NA,NA,NA,NA,NA,NA,NA,NA,NA,NA,NA,NA,NA,NA,NA
"340","Senegal","55-68","SEN",686,NA,NA,NA,NA,NA,NA,NA,NA,NA,NA,NA,NA,NA,NA,NA
"341","Senegal","56","SEN",686,NA,NA,NA,NA,NA,NA,NA,NA,NA,NA,NA,NA,NA,NA,NA
"342","Senegal","79","SEN",686,NA,NA,NA,NA,NA,NA,NA,NA,NA,NA,NA,NA,NA,NA,NA
"343","Rwanda","55-68","RWA",646,NA,NA,NA,NA,NA,NA,NA,NA,NA,NA,NA,NA,NA,NA,NA
"344","Rwanda","56","RWA",646,NA,NA,57296.8452139759,NA,NA,NA,NA,NA,NA,NA,NA,NA,NA,NA,NA
"345","Rwanda","79","RWA",646,NA,NA,2659,NA,NA,NA,NA,NA,NA,NA,NA,NA,NA,NA,NA
"346","Seychelles","55-68","SYC",690,NA,NA,NA,NA,NA,NA,NA,NA,NA,NA,NA,NA,NA,NA,NA
"347","Seychelles","56","SYC",690,NA,NA,NA,NA,NA,NA,NA,NA,NA,NA,NA,NA,NA,NA,NA
"348","Seychelles","79","SYC",690,NA,NA,NA,NA,NA,NA,NA,NA,NA,NA,NA,NA,NA,NA,NA
"349","Tuvalu","55-68","TUV",798,NA,NA,NA,NA,NA,NA,NA,NA,NA,NA,NA,NA,NA,NA,NA
"350","Tuvalu","56","TUV",798,NA,NA,NA,NA,NA,NA,NA,NA,NA,NA,NA,NA,NA,NA,NA
"351","Tuvalu","79","TUV",798,NA,NA,NA,NA,NA,NA,NA,NA,NA,NA,NA,NA,NA,NA,NA
"352","Uganda","55-68","UGA",800,NA,NA,NA,NA,NA,NA,NA,NA,NA,NA,NA,NA,NA,NA,NA
"353","Uganda","56","UGA",800,NA,NA,NA,NA,NA,NA,NA,NA,NA,NA,NA,NA,NA,NA,NA
"354","Uganda","79","UGA",800,NA,NA,NA,NA,NA,NA,NA,NA,NA,NA,NA,NA,NA,NA,NA
"355","Türkiye","55-68","TUR",792,NA,NA,NA,NA,NA,NA,NA,NA,NA,NA,NA,NA,NA,NA,NA
"356","Türkiye","56","TUR",792,NA,NA,NA,NA,NA,NA,NA,NA,NA,NA,NA,NA,NA,NA,NA
"357","Türkiye","79","TUR",792,NA,NA,NA,NA,NA,NA,NA,NA,NA,NA,NA,NA,NA,NA,NA
"358","Vanuatu","55-68","VUT",548,NA,NA,NA,NA,NA,NA,NA,NA,NA,NA,NA,NA,NA,NA,NA
"359","Vanuatu","56","VUT",548,NA,NA,NA,NA,NA,NA,NA,NA,NA,NA,NA,NA,NA,NA,NA
"360","Vanuatu","79","VUT",548,NA,NA,NA,NA,NA,NA,NA,NA,NA,NA,NA,NA,NA,NA,NA
"361","Zambia","55-68","ZMB",894,NA,NA,NA,NA,NA,NA,NA,NA,NA,NA,NA,NA,NA,NA,NA
"362","Zambia","56","ZMB",894,38058.5817108154,26166.6350326539,64225.2167434693,NA,33036.3115844726,NA,NA,51.4382251389318,NA,NA,NA,86.8038431791704,NA,NA,NA
"363","Zambia","79","ZMB",894,NA,NA,NA,NA,NA,NA,NA,NA,NA,NA,NA,NA,NA,NA,NA
"364","Viet Nam","55-68","VNM",704,NA,NA,NA,NA,NA,NA,NA,NA,NA,NA,NA,NA,NA,NA,NA
"365","Viet Nam","56","VNM",704,NA,NA,NA,NA,NA,NA,NA,NA,NA,NA,NA,NA,NA,NA,NA
"366","Viet Nam","79","VNM",704,NA,NA,NA,NA,NA,NA,22824.9784336091,NA,NA,NA,NA,NA,NA,NA,NA
"367","Ecuador","55-68","ECU",218,7481.64597417969,44891.0870503761,53817.0237374467,17239.6999076463,NA,NA,27651.3871427298,NA,32.0339154981004,NA,51.3803722733361,NA,NA,38.4033914979608,61.5966085020392
"368","Ecuador","56","ECU",218,233234.604970605,206938.553997735,531556.414650726,137640.479453413,167644.222614449,65590.3823561564,69298.0745443226,31.5383688342101,25.893861057787,12.3393078417188,13.036824057491,71.877937082097,28.1220629179032,66.5127289209335,33.4872710790668
"369","Ecuador","79","ECU",218,NA,NA,NA,NA,NA,NA,NA,NA,NA,NA,NA,NA,NA,NA,NA
"370","Nepal","55-68","NPL",524,NA,NA,NA,NA,NA,NA,NA,NA,NA,NA,NA,NA,NA,NA,NA
"371","Nepal","56","NPL",524,NA,NA,NA,NA,NA,NA,NA,NA,NA,NA,NA,NA,NA,NA,NA
"372","Nepal","79","NPL",524,NA,NA,NA,NA,NA,NA,NA,NA,NA,NA,NA,NA,NA,NA,NA
"373","Singapore","55-68","SGP",702,NA,NA,NA,NA,NA,NA,NA,NA,NA,NA,NA,NA,NA,NA,NA
"374","Singapore","56","SGP",702,NA,NA,NA,NA,NA,NA,NA,NA,NA,NA,NA,NA,NA,NA,NA
"375","Singapore","79","SGP",702,NA,NA,NA,NA,NA,NA,NA,NA,NA,NA,NA,NA,NA,NA,NA
"376","Barbados","55-68","BRB",52,NA,NA,NA,NA,NA,NA,NA,NA,NA,NA,NA,NA,NA,NA,NA
"377","Barbados","56","BRB",52,NA,NA,2800.84,NA,NA,NA,NA,NA,NA,NA,NA,NA,NA,NA,NA
"378","Barbados","79","BRB",52,NA,NA,353.28,NA,NA,NA,NA,NA,NA,NA,NA,NA,NA,NA,NA
"379","Belgium","55-68","BEL",56,NA,NA,NA,NA,NA,NA,NA,NA,NA,NA,NA,NA,NA,NA,NA
"380","Belgium","56","BEL",56,NA,NA,142460.76,NA,NA,NA,NA,NA,NA,NA,NA,NA,NA,NA,NA
"381","Belgium","79","BEL",56,NA,NA,10000.9,NA,NA,NA,NA,NA,NA,NA,NA,NA,NA,NA,NA
"382","Bosnia and Herzegovina","55-68","BIH",70,NA,NA,NA,NA,NA,NA,NA,NA,NA,NA,NA,NA,NA,NA,NA
"383","Bosnia and Herzegovina","56","BIH",70,NA,NA,48795.4,NA,NA,NA,NA,NA,NA,NA,NA,NA,NA,NA,NA
"384","Bosnia and Herzegovina","79","BIH",70,NA,NA,1725.78,NA,NA,NA,NA,NA,NA,NA,NA,NA,NA,NA,NA
"385","Cabo Verde","55-68","CPV",132,NA,NA,NA,NA,NA,NA,NA,NA,NA,NA,NA,NA,NA,NA,NA
"386","Cabo Verde","56","CPV",132,NA,NA,6094,NA,NA,NA,NA,NA,NA,NA,NA,NA,NA,NA,NA
"387","Cabo Verde","79","CPV",132,NA,NA,1110,NA,NA,NA,NA,NA,NA,NA,NA,NA,NA,NA,NA
"388","Canada","55-68","CAN",124,NA,NA,142000,NA,NA,NA,NA,NA,NA,NA,NA,NA,NA,NA,NA
"389","Canada","56","CAN",124,NA,NA,859000,NA,NA,NA,NA,NA,NA,NA,NA,NA,NA,NA,NA
"390","Canada","79","CAN",124,NA,NA,38000,NA,NA,NA,NA,NA,NA,NA,NA,NA,NA,NA,NA
"391","China","55-68","CHN",156,NA,NA,NA,NA,NA,NA,NA,NA,NA,NA,NA,NA,NA,NA,NA
"392","China","56","CHN",156,NA,NA,NA,NA,NA,NA,NA,NA,NA,NA,NA,NA,NA,NA,NA
"393","China","79","CHN",156,NA,NA,NA,NA,NA,NA,NA,NA,NA,NA,NA,NA,NA,NA,NA
"394","Czechia","55-68","CZE",203,NA,NA,NA,NA,NA,NA,NA,NA,NA,NA,NA,NA,NA,NA,NA
"395","Czechia","56","CZE",203,12827.751852359,52259.2899759668,65087.0418283258,NA,NA,NA,NA,NA,NA,NA,NA,NA,NA,NA,NA
"396","Czechia","79","CZE",203,1616,8530,10146,NA,NA,NA,NA,NA,NA,NA,NA,NA,NA,NA,NA
"397","Denmark","55-68","DNK",208,NA,NA,NA,NA,NA,NA,NA,NA,NA,NA,NA,NA,NA,NA,NA
"398","Denmark","56","DNK",208,NA,NA,NA,NA,NA,NA,NA,NA,NA,NA,NA,NA,NA,NA,NA
"399","Denmark","79","DNK",208,NA,NA,4352,NA,NA,NA,NA,NA,NA,NA,NA,NA,NA,NA,NA
"400","Dominican Republic","55-68","DOM",214,NA,NA,107848.157420128,NA,NA,NA,NA,NA,NA,NA,NA,NA,NA,NA,NA
"401","Dominican Republic","56","DOM",214,NA,NA,268551.904322935,NA,NA,NA,NA,NA,NA,NA,NA,NA,NA,NA,NA
"402","Dominican Republic","79","DOM",214,NA,NA,NA,NA,NA,NA,NA,NA,NA,NA,NA,NA,NA,NA,NA
"403","Estonia","55-68","EST",233,NA,NA,NA,NA,NA,NA,NA,NA,NA,NA,NA,NA,NA,NA,NA
"404","Estonia","56","EST",233,NA,NA,NA,NA,NA,NA,NA,NA,NA,NA,NA,NA,NA,NA,NA
"405","Estonia","79","EST",233,NA,NA,NA,NA,NA,NA,NA,NA,NA,NA,NA,NA,NA,NA,NA
"406","South Africa","55-68","ZAF",710,NA,NA,118422,NA,NA,NA,NA,NA,NA,NA,NA,NA,NA,NA,NA
"407","South Africa","56","ZAF",710,NA,NA,133765,NA,NA,NA,NA,NA,NA,NA,NA,NA,NA,NA,NA
"408","South Africa","79","ZAF",710,NA,NA,23099,NA,NA,NA,NA,NA,NA,NA,NA,NA,NA,NA,NA
"409","Timor-Leste","55-68","TLS",626,NA,NA,NA,NA,NA,NA,NA,NA,NA,NA,NA,NA,NA,NA,NA
"410","Timor-Leste","56","TLS",626,NA,NA,NA,NA,NA,NA,NA,NA,NA,NA,NA,NA,NA,NA,NA
"411","Timor-Leste","79","TLS",626,NA,NA,NA,NA,NA,NA,NA,NA,NA,NA,NA,NA,NA,NA,NA
"412","Tunisia","55-68","TUN",788,NA,NA,29373.1435,NA,NA,NA,NA,NA,NA,NA,NA,NA,NA,NA,NA
"413","Tunisia","56","TUN",788,NA,NA,103751.67,NA,NA,NA,NA,NA,NA,NA,NA,NA,NA,NA,NA
"414","Tunisia","79","TUN",788,NA,NA,10284.01,NA,NA,NA,NA,NA,NA,NA,NA,NA,NA,NA,NA
"415","Ukraine","55-68","UKR",804,NA,NA,NA,NA,NA,NA,NA,NA,NA,NA,NA,NA,NA,NA,NA
"416","Ukraine","56","UKR",804,NA,NA,NA,NA,NA,NA,NA,NA,NA,NA,NA,NA,NA,NA,NA
"417","Ukraine","79","UKR",804,NA,NA,NA,NA,NA,NA,NA,NA,NA,NA,NA,NA,NA,NA,NA
"418","Papua New Guinea","55-68","PNG",598,NA,NA,NA,NA,NA,NA,NA,NA,NA,NA,NA,NA,NA,NA,NA
"419","Papua New Guinea","56","PNG",598,NA,NA,6801.34788837097,NA,NA,NA,NA,NA,NA,NA,NA,NA,NA,NA,NA
"420","Papua New Guinea","79","PNG",598,NA,NA,NA,NA,NA,NA,NA,NA,NA,NA,NA,NA,NA,NA,NA
"421","Australia","55-68","AUS",36,NA,NA,NA,NA,NA,NA,NA,NA,NA,NA,NA,NA,NA,NA,NA
"422","Australia","56","AUS",36,NA,NA,NA,NA,NA,NA,NA,NA,NA,NA,NA,NA,NA,NA,NA
"423","Australia","79","AUS",36,NA,NA,NA,NA,NA,NA,NA,NA,NA,NA,NA,NA,NA,NA,NA
"424","Brazil","55-68","BRA",76,NA,NA,NA,NA,NA,NA,NA,NA,NA,NA,NA,NA,NA,NA,NA
"425","Brazil","56","BRA",76,1761026.84358144,2352787.74704719,4113814.59062862,1326691.56355739,841554.28284204,919472.560739398,1026096.1834898,20.4567868653858,32.2496683875746,22.3508507853995,24.9426939616402,47.7877032885286,52.2122967114712,56.3880683764365,43.6119316235635
"426","Brazil","79","BRA",76,40558.9698486328,72356.5670461655,112915.536894798,41264.5799779891,16733.7663555145,23825.2034931183,31091.9870681763,14.8197199567896,36.544643113582,21.1000223249311,27.5356146046972,41.2578682791141,58.7421317208859,57.02948835544,42.9705116445599
