"","Mode","Units","1995","1996","1997","1998","1999","2000","2001","2002","2003","2004","2005","2006","2007","2008","2009","2010","2011","2012","2013","2014","2015","2016","2017","2018","2019","2020","2021","2022","Country"
"1","Air","Thousands",NA,NA,NA,NA,NA,NA,NA,NA,NA,NA,NA,NA,NA,NA,NA,NA,NA,NA,NA,NA,NA,NA,NA,NA,NA,NA,NA,NA,"AFGHANISTAN"
"2","Water","Thousands",NA,NA,NA,NA,NA,NA,NA,NA,NA,NA,NA,NA,NA,NA,NA,NA,NA,NA,NA,NA,NA,NA,NA,NA,NA,NA,NA,NA,"AFGHANISTAN"
"3","Land","Thousands",NA,NA,NA,NA,NA,NA,NA,NA,NA,NA,NA,NA,NA,NA,NA,NA,NA,NA,NA,NA,NA,NA,NA,NA,NA,NA,NA,NA,"AFGHANISTAN"
"4","Air","Thousands",45,39,32,79,86,72,91,80,87,103,128,151,182,206,227,246,267,273,314,337.2,401,457,577.8,691.6,783.9,269.8,764.7,1250,"ALBANIA"
"5","Water","Thousands",83,78,19,33,152,79,103,111,120,139,130,141,162,189,215,216,191,180,182,198,211,276,393,439.3,468.4,64.1,205.9,383.9,"ALBANIA"
"6","Land","Thousands",176,170,68,72,133,166,160,279,351,404,490,645,782,1024,1414,1955,2474,3061,2760,3137.5,3519,4003,4146.8,4795.9,5153.8,2323.9,4718.1,5909.9,"ALBANIA"
"7","Air","Thousands",346,370,343,NA,369,382,403,456,NA,NA,NA,NA,NA,NA,NA,NA,NA,NA,NA,NA,NA,NA,NA,NA,NA,NA,NA,NA,"ALGERIA"
"8","Water","Thousands",110,172,107,NA,196,201,203,322,NA,NA,NA,NA,NA,NA,NA,NA,NA,NA,NA,NA,NA,NA,NA,NA,NA,NA,NA,NA,"ALGERIA"
"9","Land","Thousands",63,63,184,NA,184,283,295,210,NA,NA,NA,NA,NA,NA,NA,NA,NA,NA,NA,NA,NA,NA,NA,NA,NA,NA,NA,NA,"ALGERIA"
"10","Air","Thousands",NA,NA,NA,NA,NA,NA,NA,NA,NA,NA,NA,NA,NA,18.8,20.1,19.6,19.3,19.3,17.6,16.6,16.4,15.8,16.4,17.4,NA,NA,NA,NA,"AMERICAN SAMOA"
"11","Water","Thousands",NA,NA,NA,NA,NA,NA,NA,NA,NA,NA,NA,NA,NA,5.4,3.5,3.5,3.3,3.3,3.2,5,3.9,4.3,3.6,2.8,NA,NA,NA,NA,"AMERICAN SAMOA"
"12","Land","Thousands",NA,NA,NA,NA,NA,NA,NA,NA,NA,NA,NA,NA,NA,NA,NA,NA,NA,NA,NA,NA,NA,NA,NA,NA,NA,NA,NA,NA,"AMERICAN SAMOA"
"13","Air","Thousands",NA,NA,NA,NA,NA,NA,NA,NA,NA,NA,NA,NA,NA,NA,NA,NA,NA,NA,NA,NA,NA,NA,NA,NA,NA,NA,NA,NA,"ANDORRA"
"14","Water","Thousands",NA,NA,NA,NA,NA,NA,NA,NA,NA,NA,NA,NA,NA,NA,NA,NA,NA,NA,NA,NA,NA,NA,NA,NA,NA,NA,NA,NA,"ANDORRA"
"15","Land","Thousands",NA,NA,NA,NA,9422,10991,11351,11507,11601,11668,11049,10737,10743,10194,9112,8551,7983,7900,7676,7797,7850,8025,8152,8328,8235,5207,5422,8426.7,"ANDORRA"
"16","Air","Thousands",9,20,44,51,43,48,58,61,83,144,153,120,172,294,366,425,481,528,650,595,592,397,261,218,218,64,64,130,"ANGOLA"
"17","Water","Thousands",NA,NA,NA,1,NA,NA,1,3,3,4,5,NA,18,NA,NA,NA,NA,NA,NA,NA,NA,NA,NA,NA,NA,NA,NA,NA,"ANGOLA"
"18","Land","Thousands",NA,1,1,NA,2,2,8,27,21,46,52,1,4,NA,NA,NA,NA,NA,NA,NA,NA,NA,NA,NA,NA,NA,NA,NA,"ANGOLA"
"19","Air","Thousands",29,28,33,29,29,28,32,30,28,24,32,33,35,27,17,17,18,15,15,14,13,13.1,13.1,13.4,16.7,5.2,7.8,28.1,"ANGUILLA"
"20","Water","Thousands",78,58,81,85,78,84,73,81,81,97,111,134,129,101,95,101,106,114,136,163,173,162.9,137.5,74,149.7,35.9,20.9,67.6,"ANGUILLA"
"21","Land","Thousands",NA,NA,NA,NA,NA,NA,NA,NA,NA,NA,NA,NA,NA,NA,NA,NA,NA,NA,NA,NA,NA,NA,NA,NA,NA,NA,NA,NA,"ANGUILLA"
"22","Air","Thousands",191,202,211,204,208,207,193,198,224,246,245,254,262,266,234,230,241,247,243,249,250,265,247.3,269,301,125.1,169.4,265,"ANTIGUA AND BARBUDA"
"23","Water","Thousands",227,270,286,336,328,427,409,310,384,523,467,584,673,597,710,558,606.5,572,534,522,644,609,793,795,734,150.8,80.6,377,"ANTIGUA AND BARBUDA"
"24","Land","Thousands",NA,NA,NA,NA,NA,NA,NA,NA,NA,NA,NA,NA,NA,NA,NA,NA,NA,NA,NA,NA,NA,NA,NA,NA,NA,NA,NA,NA,"ANTIGUA AND BARBUDA"
"25","Air","Thousands",NA,NA,NA,NA,NA,1192,998,928,1227,1666,2069,2279,2566,2586,2220,2865.4,2884.8,2763.9,2530,2609,2425.9,2390,2567,2760,3065.2,694.3,211.1,1691.1,"ARGENTINA"
"26","Water","Thousands",NA,NA,NA,NA,NA,389,300,275,339,274,318,391,453,492,457,1031.4,1012.2,973.6,1047.6,997.3,1003.1,1018.9,1032.5,1036.8,1094.7,358,28.3,566.4,"ARGENTINA"
"27","Land","Thousands",NA,NA,NA,NA,NA,1328,1322,1617,1430,1517,1436,1503,1543,1622,1630,2902.9,2806,2759.7,2932.8,3559.1,3386.8,3259.4,3111.8,3145,3239.1,1037.2,58,1632.3,"ARGENTINA"
"28","Air","Thousands",11,12,20,29,36,39,107,135,173,196,225,270,344,371,382,460,503,564,618,701,693.1,740.3,765.6,806,980,198.8,648.7,1054.3,"ARMENIA"
"29","Water","Thousands",NA,NA,NA,NA,NA,NA,NA,NA,NA,NA,NA,NA,NA,NA,NA,NA,NA,NA,NA,NA,NA,NA,NA,NA,NA,NA,NA,NA,"ARMENIA"
"30","Land","Thousands",1,1,3,3,5,6,17,27,33,66,93,111,167,187,193,223,255,399,466,503,499,519.4,729.2,845.8,914,176.4,221.7,611.4,"ARMENIA"
"31","Air","Thousands",619,641,650,647,683,721,691,643,642,728,733,694,772,827,813,824,869,904,979,1072,1225,1102,1070.5,1082,1118.9,368.3,806.6,1101,"ARUBA"
"32","Water","Thousands",293,316,297,259,289,490,487,582,542,576,553,591,482,556,607,570,600,577,688,667,607,656,792.4,815,832,255.4,136,610.474,"ARUBA"
"33","Land","Thousands",NA,NA,NA,NA,NA,NA,NA,NA,NA,NA,NA,NA,NA,NA,NA,NA,NA,NA,NA,NA,NA,NA,NA,NA,NA,NA,NA,NA,"ARUBA"
"34","Air","Thousands",3712,4149,4305,4146,4427,4904,4832,4819,4730,5201,5486,5514,5619,5558,5464,5772,5760,6017,6385.5,6864.5,7387.2,8209.1,8743.1,9167.3,9387.4,1788.6,246,3675.3,"AUSTRALIA"
"35","Water","Thousands",14,15,13,21,33,27,24,22,16,14,13,19,26,27,26,18,11,16,96.2,57.2,62,59.8,72.2,78.3,78.5,39.1,0.2,19.1,"AUSTRALIA"
"36","Land","Thousands",NA,NA,NA,NA,NA,NA,NA,NA,NA,NA,NA,NA,NA,NA,NA,NA,NA,NA,NA,NA,NA,NA,NA,NA,NA,NA,NA,NA,"AUSTRALIA"
"37","Air","Thousands",NA,NA,NA,NA,NA,NA,NA,NA,NA,NA,NA,NA,NA,NA,NA,NA,NA,NA,NA,NA,NA,NA,NA,NA,NA,NA,NA,NA,"AUSTRIA"
"38","Water","Thousands",NA,NA,NA,NA,NA,NA,NA,NA,NA,NA,NA,NA,NA,NA,NA,NA,NA,NA,NA,NA,NA,NA,NA,NA,NA,NA,NA,NA,"AUSTRIA"
"39","Land","Thousands",NA,NA,NA,NA,NA,NA,NA,NA,NA,NA,NA,NA,NA,NA,NA,NA,NA,NA,NA,NA,NA,NA,NA,NA,NA,NA,NA,NA,"AUSTRIA"
"40","Air","Thousands",NA,195,286,466,564,658,739,173,217,276,276,281,297,572,624,646,795,946,993.5,1089.2,968.9,1164.9,1151.5,1183.8,1285.2,219.4,380.2,1042.1,"AZERBAIJAN"
"41","Water","Thousands",NA,1,3,1,1,1,2,2,6,8,10,9,9,15,13,14,20,21,26.6,16.1,32.1,16.8,18.9,28.3,24.5,19.7,17.1,24,"AZERBAIJAN"
"42","Land","Thousands",NA,14,17,16,37,22,26,659,815,995,891,903,1026,1312,1193,1303,1424,1517,1488.8,1192.4,1005.7,1066.8,1526.3,1637.4,1860.7,556.6,394.5,536.2,"AZERBAIJAN"
"43","Air","Thousands",1317,1368,1368,1305,1439,1481,1428,1403,1429,1450,1514.5,1492,1487,1393,1252,1295,1268,1357,1281,1343,1391,1392,1335.6,1558.1,1662.4,418.3,886.6,1470.2,"BAHAMAS"
"44","Water","Thousands",1922,2048,2078,2043,2209,2722,2755,3003,3165,3554,3264.9,3239,3114,3001,3393,3960,4320,4583,4870,4977,4721,4873,4800.2,5063.9,5587.1,1376.2,1214,5530.5,"BAHAMAS"
"45","Land","Thousands",NA,NA,NA,NA,NA,NA,NA,NA,NA,NA,NA,NA,NA,NA,NA,NA,NA,NA,NA,NA,NA,NA,NA,NA,NA,NA,NA,NA,"BAHAMAS"
"46","Air","Thousands",NA,505,552,606,656,720,791,920,974,1176,1301,1544,1642,1855,1941,2280,1521,1628,1615,1705.5,1048,1069,1196.6,1150.5,1220.6,299,393.3,978.7,"BAHRAIN"
"47","Water","Thousands",NA,2,4,5,5,6,9,13,8,7,5,12,53,80,94,143,55,55,66,59,40,56,68.6,81.1,133.7,51.3,7.3,32.6,"BAHRAIN"
"48","Land","Thousands",NA,1481,2044,2286,2619,3143,3588,3897,3862,4484,5007,5733,6139,6696,6825,9528,5156,6381,7481.5,8684.3,8582,9033,10108.8,10813.1,9706.9,1558.7,3211.5,8937.4,"BAHRAIN"
"49","Air","Thousands",131,136,148,139,134,151,158,151,187,218,140,151,227,NA,NA,NA,NA,NA,NA,NA,NA,NA,NA,NA,NA,NA,NA,NA,"BANGLADESH"
"50","Water","Thousands",NA,NA,NA,NA,NA,NA,NA,NA,NA,NA,NA,NA,NA,NA,NA,NA,NA,NA,NA,NA,NA,NA,NA,NA,NA,NA,NA,NA,"BANGLADESH"
"51","Land","Thousands",25,30,34,33,39,48,49,56,58,53,68,49,62,NA,NA,NA,NA,NA,NA,NA,NA,NA,NA,NA,NA,NA,NA,NA,"BANGLADESH"
"52","Air","Thousands",434,438,461,499,507,538,498,492,526,546,544,557,575,568,519,532,568,536,509,521,592,632,664,680.3,522.6,207.4,144.8,539.7,"BARBADOS"
"53","Water","Thousands",493,519,529,520,440,540,537,529,564,727,567,544,616,597,635,665,619,517,570,558,587,595,681,675.8,443.1,338.4,97.4,357.9,"BARBADOS"
"54","Land","Thousands",NA,NA,NA,NA,NA,NA,NA,NA,NA,NA,NA,NA,NA,NA,NA,NA,NA,NA,NA,NA,NA,NA,NA,NA,NA,NA,NA,NA,"BARBADOS"
"55","Air","Thousands",NA,NA,NA,NA,NA,NA,NA,NA,NA,NA,NA,122,162,194,200,231,256,253,268,294,324,818.1,992.1,1084.9,1198.9,438.4,414.2,416.4,"BELARUS"
"56","Water","Thousands",NA,NA,NA,NA,NA,NA,NA,NA,NA,NA,NA,NA,NA,NA,NA,NA,NA,NA,NA,NA,NA,NA,NA,NA,NA,NA,NA,NA,"BELARUS"
"57","Land","Thousands",NA,NA,NA,NA,NA,NA,NA,NA,NA,NA,NA,5046,5015,4987,4525,5302,5426,5657,5685,4798,3855,9460.3,9452.2,10015.6,10228.3,3024.7,2827.5,4298.2,"BELARUS"
"58","Air","Thousands",NA,NA,NA,NA,NA,NA,NA,NA,NA,NA,NA,NA,NA,NA,NA,NA,NA,NA,NA,NA,NA,NA,NA,NA,NA,NA,NA,NA,"BELGIUM"
"59","Water","Thousands",NA,NA,NA,NA,NA,NA,NA,NA,NA,NA,NA,NA,NA,NA,NA,NA,NA,NA,NA,NA,NA,NA,NA,NA,NA,NA,NA,NA,"BELGIUM"
"60","Land","Thousands",NA,NA,NA,NA,NA,NA,NA,NA,NA,NA,NA,NA,NA,NA,NA,NA,NA,NA,NA,NA,NA,NA,NA,NA,NA,NA,NA,NA,"BELGIUM"
"61","Air","Thousands",94,94,98,109,115,132,134,130,152,163,175,179,183,178,168,172,182,212,223.5,239,255.9,298.2,322.2,369.5,384.4,110.4,201.6,NA,"BELIZE"
"62","Water","Thousands",10,12,14,11,10,9,9,8,8,8,8,8,10,10,715,789,747,651,688,979,967.6,1014,1024,1217.5,1182,349.4,212.9,NA,"BELIZE"
"63","Land","Thousands",225,244,192,56,56,55,53,62,60,60,54,60,59,57,57,92,177,165,111,71,75.6,78.4,95.2,110.4,107.7,27.4,22.7,NA,"BELIZE"
"64","Air","Thousands",NA,NA,NA,NA,36,62,NA,NA,NA,NA,NA,NA,81,71,81,88,73,95,107.4,97.5,99.7,105.6,112.4,114.7,115,121.1,NA,NA,"BENIN"
"65","Water","Thousands",NA,NA,NA,NA,0.1,0.3,NA,NA,NA,NA,NA,NA,7,27,8,25,23,19,20.2,19.3,21.4,22.4,23.2,18.7,19.9,22.4,NA,NA,"BENIN"
"66","Land","Thousands",NA,NA,NA,NA,44,34,NA,NA,NA,NA,NA,NA,97,90,101,86,113,106,103.3,125.6,133.5,139.3,145.2,161.4,174.5,181.4,NA,NA,"BENIN"
"67","Air","Thousands",387,390,380,370,355,332,278,284,257,272,270,299,306,264,236,232,236,232,236,224,220,244,269.6,282,269,42.1,72.2,145.9,"BERMUDA"
"68","Water","Thousands",170,182,182,188,194,207,180,200,226,206,247,336,354,286,318,348,416,378,340,356,377,398,418,484,536,9.3,14.2,402.7,"BERMUDA"
"69","Land","Thousands",NA,NA,NA,NA,NA,NA,NA,NA,NA,NA,NA,NA,NA,NA,NA,NA,NA,NA,NA,NA,NA,NA,NA,NA,NA,NA,NA,NA,"BERMUDA"
"70","Air","Thousands",4.8,5.2,5.4,6.2,7.2,7.6,6.4,4.1,5.1,6.6,11.7,14,16,23,19,35,57,59.5,60.8,65.9,86,103.5,126.9,142.4,142.9,11.2,0.001,10.9,"BHUTAN"
"71","Water","Thousands",NA,NA,NA,NA,NA,NA,NA,NA,NA,NA,NA,NA,NA,NA,NA,NA,NA,NA,NA,NA,NA,NA,NA,NA,NA,NA,NA,NA,"BHUTAN"
"72","Land","Thousands",NA,NA,NA,NA,NA,NA,NA,1.5,1.1,2.6,1.9,3.3,5,5,4,6,9,45.9,55.5,67.5,69,106,127.8,131.7,172.7,18.6,NA,10,"BHUTAN"
"73","Air","Thousands",168,194,245,279,236,233,208,199,222,240,267,242,247,203.7,226.2,238.8,286.7,291.5,330.7,375.4,410.3,397.9,417.6,415,383,107.5,127.2,264.2,"BOLIVIA, PLURINATIONAL STATE OF"
"74","Water","Thousands",4,5,5,5,5,6,4,2,2,3,1,1,1,NA,NA,NA,NA,NA,NA,NA,NA,NA,NA,NA,NA,NA,NA,NA,"BOLIVIA, PLURINATIONAL STATE OF"
"75","Land","Thousands",111,114,105,103,101,80,104,133,204,237,256,278,325,325.9,373.1,439.8,424.6,506.4,467.6,495.1,471.3,562.9,691,726.9,856.3,215.7,52.7,459.9,"BOLIVIA, PLURINATIONAL STATE OF"
"76","Air","Thousands",59,65,63,62,61,51,50,52,62,63,63,64,74,74,67,71,NA,NA,NA,NA,NA,NA,NA,NA,NA,NA,NA,NA,"BONAIRE"
"77","Water","Thousands",NA,NA,20,20,15,44,43,42,45,53,40,62,98,176,213,226,NA,NA,NA,NA,NA,NA,NA,NA,NA,NA,NA,NA,"BONAIRE"
"78","Land","Thousands",NA,NA,NA,NA,NA,NA,NA,NA,NA,NA,NA,NA,NA,NA,NA,NA,NA,NA,NA,NA,NA,NA,NA,NA,NA,NA,NA,NA,"BONAIRE"
"79","Air","Thousands",NA,NA,NA,NA,NA,NA,NA,NA,NA,NA,NA,NA,NA,NA,NA,NA,NA,262,290,334,395,432,535,562,570,113,360,658.3,"BOSNIA AND HERZEGOVINA"
"80","Water","Thousands",NA,NA,NA,NA,NA,NA,NA,NA,NA,NA,NA,NA,NA,NA,NA,NA,NA,18,14,3,3,3,5,7,8,7,11,10.7,"BOSNIA AND HERZEGOVINA"
"81","Land","Thousands",NA,NA,NA,NA,NA,NA,NA,NA,NA,NA,NA,NA,NA,NA,NA,NA,NA,13152,12668,12394,12722,14622,15593,16350,14630,7267,9401,13170.8,"BOSNIA AND HERZEGOVINA"
"82","Air","Thousands",28,30,34,37,41,NA,77,95,71,66,NA,68,83,85,NA,NA,NA,NA,NA,130,128.7,119.5,119.4,129.3,120.4,14.8,36.6,NA,"BOTSWANA"
"83","Water","Thousands",NA,NA,NA,NA,NA,NA,NA,NA,NA,NA,NA,NA,NA,NA,NA,NA,NA,NA,NA,NA,NA,NA,NA,NA,NA,NA,NA,NA,"BOTSWANA"
"84","Land","Thousands",493,482,573,713,803,NA,1111,1179,1335,1457,NA,1358,1653,2016,NA,NA,NA,NA,NA,1953,1531.5,1592.6,1655.5,1700.9,1435,343.4,301,NA,"BOTSWANA"
"85","Air","Thousands",1343,1894,2005,2421,2534,2723,2960,2815,3083,3569,3938,3713,3747,3691,3349,3610,3808,3987,4066,4540,4318.4,4368.9,4187.5,4328.1,4288.5,1185.6,585.4,2467.1,"BRAZIL"
"86","Water","Thousands",43,53,70,123,127,161,134,79,57,74,106,123,129,110,154,151,182,150,135,130,116.8,136.3,149.7,204.8,225.2,123.5,1.6,81,"BRAZIL"
"87","Land","Thousands",605,718,775,2274,2446,2429,1678,891,993,1151,1314,1181,1150,1249,1299,1400,1443,1541,1612,1760,1870.6,2041.5,2251.6,2088.5,1839.4,837.3,158.9,1081.9,"BRAZIL"
"88","Air","Thousands",104,108,108,128,129,136,144,135,153,220,205,165,147,132,105,109,93,86,88,84.4,NA,NA,NA,NA,NA,NA,NA,NA,"BRITISH VIRGIN ISLANDS"
"89","Water","Thousands",261,304,257,264,355,383,391,409,504,593,616,661,801,802,752,733,738,667,654,688.2,NA,NA,NA,NA,NA,NA,NA,NA,"BRITISH VIRGIN ISLANDS"
"90","Land","Thousands",NA,NA,NA,NA,NA,NA,NA,NA,NA,NA,NA,NA,NA,NA,NA,NA,NA,NA,NA,NA,NA,NA,NA,NA,NA,NA,NA,NA,"BRITISH VIRGIN ISLANDS"
"91","Air","Thousands",NA,NA,NA,NA,NA,NA,NA,NA,NA,119,126,158,179,226,157,214,242,209,225,201,218,218.8,259,278,333.2,62.3,3.5,NA,"BRUNEI DARUSSALAM"
"92","Water","Thousands",NA,NA,NA,NA,NA,NA,NA,NA,NA,NA,NA,NA,NA,NA,NA,NA,NA,NA,NA,NA,NA,25.1,11,19,15.1,1.5,NA,NA,"BRUNEI DARUSSALAM"
"93","Land","Thousands",NA,NA,NA,NA,NA,NA,NA,NA,NA,NA,NA,NA,NA,NA,NA,NA,NA,NA,NA,NA,NA,4013.3,4046,4224,4100.6,1006.8,106.8,NA,"BRUNEI DARUSSALAM"
"94","Air","Thousands",827,947,981,933,651,776,1008,1185,1409,1715,2007,2203,2318,NA,NA,NA,NA,NA,NA,NA,NA,NA,NA,NA,NA,NA,NA,NA,"BULGARIA"
"95","Water","Thousands",90,62,91,77,92,100,117,104,120,156,178,169,211,NA,NA,NA,NA,NA,NA,NA,NA,NA,NA,NA,NA,NA,NA,NA,"BULGARIA"
"96","Land","Thousands",7088,5801,6471,4230,4313,4046,3979,4274,4712,5111,5097,5127,5197,NA,NA,NA,NA,NA,NA,NA,NA,NA,NA,NA,NA,NA,NA,NA,"BULGARIA"
"97","Air","Thousands",NA,NA,NA,NA,NA,NA,NA,NA,NA,NA,NA,NA,NA,NA,NA,NA,NA,NA,108,102,97,95,103,109,133,54,94.5,112,"BURKINA FASO"
"98","Water","Thousands",NA,NA,NA,NA,NA,NA,NA,NA,NA,NA,NA,NA,NA,NA,NA,NA,NA,NA,NA,NA,NA,NA,NA,NA,NA,NA,NA,NA,"BURKINA FASO"
"99","Land","Thousands",NA,NA,NA,NA,NA,NA,NA,NA,NA,NA,NA,NA,NA,NA,NA,NA,NA,NA,NA,NA,NA,NA,NA,NA,NA,NA,NA,NA,"BURKINA FASO"
"100","Air","Thousands",14,11,3,6,10,12,14,18,17,39,49,49,44,46,49,33,31,41,92,86,46,74,89,NA,NA,NA,NA,NA,"BURUNDI"
"101","Water","Thousands",1,1,1,1,2,2,3,21,21,46,49,38,35,36,38,25,26,14,21,26,13,15,16,NA,NA,NA,NA,NA,"BURUNDI"
"102","Land","Thousands",18,15,5,8,14,15,19,35,36,48,50,126,113,119,125,84,87,92,121,123,72,98,194,NA,NA,NA,NA,NA,"BURUNDI"
"103","Air","Thousands",28,37,45,52,67,83,115,NA,NA,NA,NA,NA,NA,NA,NA,NA,NA,NA,NA,NA,NA,NA,NA,NA,NA,NA,NA,NA,"CABO VERDE"
"104","Water","Thousands",NA,NA,NA,NA,NA,NA,NA,NA,NA,NA,NA,NA,NA,NA,NA,NA,NA,NA,NA,NA,NA,NA,NA,NA,NA,NA,NA,NA,"CABO VERDE"
"105","Land","Thousands",NA,NA,NA,NA,NA,NA,NA,NA,NA,NA,NA,NA,NA,NA,NA,NA,NA,NA,NA,NA,NA,NA,NA,NA,NA,NA,NA,NA,"CABO VERDE"
"106","Air","Thousands",220,260,219,186,263,351,408,523,456,626,857,1027,1297,1239,1112,1304,1481,1722,2018,2273.5,2476,2704.4,3312.7,4096.9,4404,756.3,99.8,791.6,"CAMBODIA"
"107","Water","Thousands",NA,NA,NA,NA,NA,NA,NA,NA,NA,25,32,40,44,72,78,78,81,76,75,97,148,153.4,145.4,144.2,156.8,51.5,0.2,17.9,"CAMBODIA"
"108","Land","Thousands",NA,NA,NA,104,105,115,197,264,245,336,445,525,675,814,972,1126,1320,1786,2117,2132,2151,2153.9,2144,1960,2049.7,498.4,96.4,1467.2,"CAMBODIA"
"109","Air","Thousands",NA,NA,NA,NA,NA,NA,NA,NA,NA,NA,NA,199,217,224,218,267,279,351,269,244,308.2,400.7,463.8,474.7,489.1,258.3,440.8,238.1,"CAMEROON"
"110","Water","Thousands",NA,NA,NA,NA,NA,NA,NA,NA,NA,NA,NA,13,12,19,27,8,11,32,21,24,26.7,30,28.1,16.5,19.4,13,20.1,12.3,"CAMEROON"
"111","Land","Thousands",NA,NA,NA,NA,NA,NA,NA,NA,NA,NA,NA,240,248,244,253,298,314,434,493,554,562.5,563.7,589.3,505.8,512.9,344.8,502.3,288.9,"CAMEROON"
"112","Air","Thousands",5731.5,6318.6,6621.8,6941.3,7351.3,7634.3,7347.7,7192.6,6408.8,7497.4,7746.5,7785.2,7818,7651.5,6781,7162.5,7254.6,7418.4,7176.7,7728.4,8422.5,9802.4,10576.8,10372.1,10999,1663.7,1594.9,6669.1,"CANADA"
"113","Water","Thousands",301.5,280.1,355.3,380.1,358.8,483.7,530.3,530.9,625.6,713.9,706.4,753.9,833.2,844.7,812.6,806.5,764.3,725.3,722.1,717.5,706.4,795.5,847.9,959.5,1113.5,1.8,6.2,388.2,"CANADA"
"114","Land","Thousands",10935.1,10730,10691.7,11548.5,11701.2,11509.4,11801.4,12333.5,10499.9,10933.6,10317.6,9726.3,9283.7,8646,8143.6,8250.4,7997.2,8200.4,8160.5,8091.1,8848.49999999999,9373.4,9458.5,9802.3,10032.9,1294.5,1461.1,5766.8,"CANADA"
"115","Air","Thousands",361,373,381,404,395,354,334,303,294,260,168,267,292,303,272,288,309,322,345,383,385,385,418.4,463,503,121.8,17.3,284.3,"CAYMAN ISLANDS"
"116","Water","Thousands",683,800,867,871,1036,1031,1215,1575,1819,1693,1799,1930,1716,1553,1520,1598,1401,1507,1376,1610,1717,1712,1728.4,1921,1831,538.1,NA,743.4,"CAYMAN ISLANDS"
"117","Land","Thousands",NA,NA,NA,NA,NA,NA,NA,NA,NA,NA,NA,NA,NA,NA,NA,NA,NA,NA,NA,NA,NA,NA,NA,NA,NA,NA,NA,NA,"CAYMAN ISLANDS"
"118","Air","Thousands",26,21,17,7.5,10,11.2,9.9,2.9,5.7,8.2,12,13.7,17.1,30.6,52.4,53.8,65.4,70.8,84,96,121,82,107,109,87,35,NA,NA,"CENTRAL AFRICAN REPUBLIC"
"119","Water","Thousands",NA,NA,NA,NA,NA,NA,NA,NA,NA,NA,NA,NA,NA,NA,NA,NA,NA,NA,NA,NA,NA,NA,NA,NA,NA,NA,NA,NA,"CENTRAL AFRICAN REPUBLIC"
"120","Land","Thousands",NA,NA,NA,NA,NA,NA,NA,NA,NA,NA,NA,NA,NA,NA,NA,NA,NA,NA,NA,NA,NA,NA,NA,NA,NA,NA,NA,NA,"CENTRAL AFRICAN REPUBLIC"
"121","Air","Thousands",NA,NA,NA,27,31,38,79,80,54,48,21,42,74,58,67,62,74,84,97,119,120,98,87,77,79,11,40,NA,"CHAD"
"122","Water","Thousands",NA,NA,NA,NA,NA,NA,NA,NA,NA,NA,NA,NA,NA,NA,NA,NA,NA,NA,NA,NA,NA,NA,NA,NA,NA,NA,NA,NA,"CHAD"
"123","Land","Thousands",NA,NA,NA,14,15,16,39,40,27,21,9,4,3,3,3,9,3,2,NA,NA,NA,NA,NA,NA,NA,NA,NA,NA,"CHAD"
"124","Air","Thousands",552,571,655,683,640,662,649,606,708,760,855,912,1055,1086,1030,1052,1265,1445,1475,1534.96,1710,1985,2569.3,2364.3,2078.9,422.6,185.9,1135.3,"CHILE"
"125","Water","Thousands",8,6,13,17,20,26,34,28,37,67,75,95,104,NA,NA,NA,NA,NA,NA,NA,NA,NA,NA,NA,NA,NA,NA,NA,"CHILE"
"126","Land","Thousands",980,872,975,1057,972,1054,1040,778,869,958,1097,1246,1348,1624,1730,1749,1872,2109,2101,2139.5,2768,3656,3880.6,3358.6,2439.1,696.5,4.1,895.1,"CHILE"
"127","Air","Thousands",4813,5325,5856,5559,6627,7745,8617,10343,8080,12617,14736,16500,18815,16813,16301,20014,20911,21421,20744.2,21086.2,21012.3,22675.6,23070,24448.1,25298.6,NA,NA,NA,"CHINA"
"128","Water","Thousands",3997,4164,4578,3754,3814,3860,4115,4377,3787,4727,5212,5484,5920,5480,4672,5039,5082,4793,4643.6,4593.7,4540.4,4731.5,4612.4,4658.8,4228.6,NA,NA,NA,"CHINA"
"129","Land","Thousands",37577,41637,47154,54164,62355,71839,76280,83188,79794,91694,100345,102958,107137,107734,105503,108709,109430,106191,103690,102818.3,108267.7,114366.5,125577.7,129499.5,133010.6,NA,NA,NA,"CHINA"
"130","Air","Thousands",294,495,546,645,510,520,549,507,551,701,834,936,1055,1068,1192,1145.9,1384.5,1284.1,1394,1576.7,1852.7,2094.2,2310.6,2570.1,2671.1,758.2,1234,2901.7,"COLOMBIA"
"131","Water","Thousands",70,193,162,149,181,150,175,96,44,51,50,52,128,231,6,9.8,16.9,14.4,18.6,28.9,29.9,32.9,39.8,42.6,44.2,11.1,6.4,22.7,"COLOMBIA"
"132","Land","Thousands",1035,63,50,NA,34,37,64,58,73,88,97,116,139,151,155,61.3,69.4,66.8,74.4,89.4,102.2,113.9,115.4,96.4,98.7,22.4,8.8,115.9,"COLOMBIA"
"133","Air","Thousands",23,24,26,27,24,24,19.4,18.9,14.4,17.6,19.6,17.1,15.2,14.8,11.3,15.3,18.8,22.8,21.9,22.8,23.6,26.8,28,35.9,45.1,7,28.8,NA,"COMOROS"
"134","Water","Thousands",NA,NA,NA,NA,NA,NA,NA,NA,NA,NA,NA,NA,NA,NA,NA,NA,NA,NA,NA,NA,NA,NA,NA,NA,NA,NA,NA,NA,"COMOROS"
"135","Land","Thousands",NA,NA,NA,NA,NA,NA,NA,NA,NA,NA,NA,NA,NA,NA,NA,NA,NA,NA,NA,NA,NA,NA,NA,NA,NA,NA,NA,NA,"COMOROS"
"136","Air","Thousands",NA,NA,NA,NA,NA,NA,NA,NA,NA,NA,NA,NA,NA,NA,NA,113,115,136,150,151,163.2,132.5,97.4,95.7,NA,NA,NA,NA,"CONGO"
"137","Water","Thousands",NA,NA,NA,NA,NA,NA,NA,NA,NA,NA,NA,NA,NA,NA,NA,86,109,123,195,78,61.1,80.3,53.2,62.4,NA,NA,NA,NA,"CONGO"
"138","Land","Thousands",NA,NA,NA,NA,NA,NA,NA,NA,NA,NA,NA,NA,NA,NA,NA,NA,NA,NA,NA,NA,NA,NA,NA,NA,NA,NA,NA,NA,"CONGO"
"139","Air","Thousands",20,NA,NA,NA,NA,NA,26,28,35,36,39,41,47,50,53,81,160,156,180,NA,187.4,186.2,NA,NA,NA,NA,NA,NA,"CONGO, DEMOCRATIC REPUBLIC OF THE"
"140","Water","Thousands",15,NA,NA,NA,NA,NA,28,NA,NA,NA,NA,NA,NA,NA,NA,NA,NA,1,3,NA,NA,NA,NA,NA,NA,NA,NA,NA,"CONGO, DEMOCRATIC REPUBLIC OF THE"
"141","Land","Thousands",NA,NA,NA,NA,NA,NA,NA,NA,NA,NA,22,14,NA,NA,NA,NA,26,10,8,NA,166.3,165.1,NA,NA,NA,NA,NA,NA,"CONGO, DEMOCRATIC REPUBLIC OF THE"
"142","Air","Thousands",NA,NA,NA,NA,NA,NA,NA,NA,NA,NA,NA,NA,NA,NA,NA,NA,NA,NA,NA,NA,NA,NA,NA,NA,NA,NA,NA,NA,"COOK ISLANDS"
"143","Water","Thousands",NA,NA,NA,NA,NA,NA,NA,NA,NA,NA,NA,NA,NA,NA,NA,NA,NA,NA,NA,NA,NA,NA,NA,NA,NA,NA,NA,NA,"COOK ISLANDS"
"144","Land","Thousands",NA,NA,NA,NA,NA,NA,NA,NA,NA,NA,NA,NA,NA,NA,NA,NA,NA,NA,NA,NA,NA,NA,NA,NA,NA,NA,NA,NA,"COOK ISLANDS"
"145","Air","Thousands",581,560,582,669,734,801,812,798,928,1088,1244,1232,1357,1424,1320,1418,1464,1552,1617.4,1721,1859,2114.9,2189.2,2314.9,2418.3,789.8,1270.5,2118,"COSTA RICA"
"146","Water","Thousands",6,6,7,7,10,23,11,6,12,10,9,6,5,4,2,5,7,10,8.4,9.5,8,10.4,10.3,8.9,11.6,4.6,2.4,4.1,"COSTA RICA"
"147","Land","Thousands",198,215,223,266,287,264,308,309,299,355,427,487,618,661,601,677,721,781,802,796.4,793,799.8,760.3,692.9,709.1,217.5,74.2,227.5,"COSTA RICA"
"148","Air","Thousands",188,237,260,NA,NA,NA,NA,NA,NA,NA,NA,NA,NA,205,231,252,270,289,380,471,537,632.2,719.6,752.3,790,284.1,576,742,"COTE D´IVOIRE"
"149","Water","Thousands",NA,NA,NA,NA,NA,NA,NA,NA,NA,NA,NA,NA,NA,NA,NA,NA,NA,NA,NA,NA,NA,NA,NA,NA,NA,NA,NA,NA,"COTE D´IVOIRE"
"150","Land","Thousands",NA,NA,14,NA,NA,NA,NA,NA,NA,NA,NA,NA,NA,NA,NA,NA,NA,NA,NA,NA,904,951.1,1080.7,1212.4,1280.1,384,NA,1305,"COTE D´IVOIRE"
"151","Air","Thousands",419,522,577,631,580,740,813,887,1006,1202,1566,1825,2033,2055,1947,2136,2299,2505,2689,2879,3119,3566,4222.3,4699.1,5153.4,882.1,2123.5,4531.1,"CROATIA"
"152","Water","Thousands",78,109,164,178,122,183,244,306,384,921,984,1036,1200,1367,1405,1542,1638,1619,1602,1451,1439,1506,1353.7,1497.8,1590.4,21.8,290,969.9,"CROATIA"
"153","Land","Thousands",15603,18454,22919,24690,28513,36303,39072,40543,41467,42851,43212,44872,49038,47914,44221,45328,46032,43061,44054,46838,51300,52515,53662.2,51471.5,53276.9,20703.8,31709.1,44522.3,"CROATIA"
"154","Air","Thousands",742,999,1153,1390,1561,1741,1736,1656,1847,2017,2261,2150,2119,2316,2405,2507,2688,2823,2839,2981,3506,3975,4594,4684,4263,1085,356,1613,"CUBA"
"155","Water","Thousands",NA,NA,NA,NA,NA,NA,NA,NA,NA,NA,NA,NA,NA,NA,NA,NA,NA,NA,NA,NA,NA,NA,NA,NA,NA,NA,NA,NA,"CUBA"
"156","Land","Thousands",NA,NA,NA,NA,NA,NA,NA,NA,NA,NA,NA,NA,NA,NA,NA,NA,NA,NA,NA,NA,NA,NA,NA,NA,NA,NA,NA,NA,"CUBA"
"157","Air","Thousands",224,214,205,206,212,205,219,226,228,233,234,250,323,420,385,378,436,471,487,500,506.5,474.3,423.2,452.4,483.1,180.2,272.1,500.6,"CURAÇAO"
"158","Water","Thousands",172,173,217,231,221,308,300,319,279,219,276,322,341,353,423,383,401,436,584,629,565.8,469.5,634.4,757.3,809.9,256.2,146.2,533.6,"CURAÇAO"
"159","Land","Thousands",NA,NA,NA,NA,NA,NA,NA,NA,NA,NA,NA,NA,NA,NA,NA,NA,NA,NA,NA,NA,NA,NA,NA,NA,NA,NA,NA,NA,"CURAÇAO"
"160","Air","Thousands",2159,2002,2099,2245,2451,2703,2717,2431,2320,2357,2479,2408,2425,2410,2145,2179,2410,2471,2419,2453,2672,3201,3673,3962,4004.6,NA,NA,NA,"CYPRUS"
"161","Water","Thousands",94,87,95,112,127,209,124,64,96,121,178,221,246,221,225,271,216,163,207,135,108,85,77,62,112.3,NA,NA,NA,"CYPRUS"
"162","Land","Thousands",NA,NA,NA,NA,NA,NA,NA,NA,NA,NA,NA,NA,NA,NA,NA,NA,NA,NA,NA,NA,NA,NA,NA,NA,NA,NA,NA,NA,"CYPRUS"
"163","Air","Thousands",NA,NA,NA,NA,NA,NA,NA,NA,NA,NA,NA,NA,NA,NA,NA,NA,NA,NA,NA,NA,NA,NA,NA,NA,NA,NA,NA,NA,"CZECH REPUBLIC (CZECHIA)"
"164","Water","Thousands",NA,NA,NA,NA,NA,NA,NA,NA,NA,NA,NA,NA,NA,NA,NA,NA,NA,NA,NA,NA,NA,NA,NA,NA,NA,NA,NA,NA,"CZECH REPUBLIC (CZECHIA)"
"165","Land","Thousands",NA,NA,NA,NA,NA,NA,NA,NA,NA,NA,NA,NA,NA,NA,NA,NA,NA,NA,NA,NA,NA,NA,NA,NA,NA,NA,NA,NA,"CZECH REPUBLIC (CZECHIA)"
"166","Air","Thousands",NA,NA,NA,NA,NA,NA,NA,NA,NA,NA,NA,NA,NA,NA,NA,NA,NA,NA,NA,NA,NA,NA,NA,NA,NA,NA,NA,NA,"DENMARK"
"167","Water","Thousands",NA,NA,NA,NA,NA,NA,NA,NA,NA,NA,NA,NA,NA,NA,NA,NA,NA,NA,NA,NA,NA,NA,NA,NA,NA,NA,NA,NA,"DENMARK"
"168","Land","Thousands",NA,NA,NA,NA,NA,NA,NA,NA,NA,NA,NA,NA,NA,NA,NA,NA,NA,NA,NA,NA,NA,NA,NA,NA,NA,NA,NA,NA,"DENMARK"
"169","Air","Thousands",NA,NA,NA,NA,NA,NA,NA,NA,NA,NA,NA,NA,NA,NA,NA,NA,NA,NA,NA,NA,NA,NA,133,142,168,75,114,145,"DJIBOUTI"
"170","Water","Thousands",NA,NA,NA,NA,NA,NA,NA,NA,NA,NA,NA,NA,NA,NA,NA,NA,NA,NA,NA,NA,NA,NA,NA,NA,NA,NA,NA,NA,"DJIBOUTI"
"171","Land","Thousands",NA,NA,NA,NA,NA,NA,NA,NA,NA,NA,NA,NA,NA,NA,NA,NA,NA,NA,NA,NA,NA,NA,NA,NA,NA,NA,NA,NA,"DJIBOUTI"
"172","Air","Thousands",44,47,48,47,54,50,47,49,52,56,58,62,56,55,48,49,48,47,47,51,44,47.6,42.4,37.3,50,13.2,14.4,38.5,"DOMINICA"
"173","Water","Thousands",24,22,20,20,24,22,21,22,25,26,21,23,24,26,27,28,28,32,31,30.5,31,30.8,29.9,26.7,40,8.4,0.4,22.6,"DOMINICA"
"174","Land","Thousands",NA,NA,NA,NA,NA,NA,NA,NA,NA,NA,NA,NA,NA,NA,NA,NA,NA,NA,NA,NA,NA,NA,NA,NA,NA,NA,NA,NA,"DOMINICA"
"175","Air","Thousands",1776,1926,2211,2309,2649,2978,2882,2811,3282,3450,3691,3965,3980,3980,3992,4125,4306,4563,4690,5141.4,5600,5959.3,6188,6568.9,6446,2405,4994.3,7163.4,"DOMINICAN REPUBLIC"
"176","Water","Thousands",30,111,271,393,283,183,208,247,398,457,290,303,385,475,497,353,348,338,424,435,529,809.3,1108,982,1104,343,333.1,1325.4,"DOMINICAN REPUBLIC"
"177","Land","Thousands",NA,NA,NA,NA,NA,NA,NA,NA,NA,NA,NA,NA,NA,NA,NA,NA,NA,NA,NA,NA,NA,NA,NA,NA,NA,NA,NA,NA,"DOMINICAN REPUBLIC"
"178","Air","Thousands",281,307,348,353,343,383,422,432,450,496,540,557,639,714,699,750,783,848.3,959,1187.4,1176.7,1101.8,1138.2,1192.5,1220.5,394.6,651.3,1040.1,"ECUADOR"
"179","Water","Thousands",9,11,9,10,6,5,5,6,5,8,5,4,7,9,8,8,21,27.2,12,64.4,65,61.5,55,44.3,49.6,9.5,3.3,18.7,"ECUADOR"
"180","Land","Thousands",149,176,173,148,168,240,214,245,306,315,315,279,291,282,261,289,337,396.4,393,442.7,434.7,405.8,612.3,1298.3,837.6,103.2,14.8,206.1,"ECUADOR"
"181","Air","Thousands",2075.5,2581.2,2744.57,2280.8,3541.5,4209.7,3790.2,4279.9,4840.9,6735.8,7209.5,7610.5,9435.7,10960.1,10773.4,12615.6,8158.8,9851.7,8237.4,9010.4,8521,4593.6,7300.3,9975.7,11316.6,3268.8,7342.3,10326.3,"EGYPT"
"182","Water","Thousands",90.7,204.8,173.9,144.1,148.3,173.2,159.8,151.4,156.5,178.2,234.5,223.2,268.2,286.8,242.5,277.5,185.4,234.7,232.9,125.6,100.2,92.8,91.4,100,100.4,13.9,32.6,73.5,"EGYPT"
"183","Land","Thousands",705.2,742.2,738.46,788.2,799.6,733,397,474.5,748.7,880.6,800.3,812,906.2,1048.6,897.7,1158.2,1152.7,1109.4,703.3,492.2,517.7,571.4,764.9,1120.2,1458.6,335.9,592,1225.2,"EGYPT"
"184","Air","Thousands",154,164,206,189,230,234,224,253,262,449,499,483,527,490,430,426,470,541,589,591.3,599,615.8,642.5,727.4,772.9,293,813,1010.2,"EL SALVADOR"
"185","Water","Thousands",NA,NA,NA,NA,5,5,6,5,1,1,1,1,1,3,NA,NA,NA,NA,NA,NA,NA,NA,0.3,NA,NA,NA,NA,NA,"EL SALVADOR"
"186","Land","Thousands",81,119,181,352,423,556,505,541,457,501,627,795,811,892,661,723,714,714,694,753.9,803,817.8,913.3,949.9,992.7,256,406,881.1,"EL SALVADOR"
"187","Air","Thousands",NA,NA,NA,NA,NA,NA,NA,NA,NA,NA,NA,NA,NA,NA,NA,NA,NA,NA,NA,NA,NA,NA,NA,NA,NA,NA,NA,NA,"EQUATORIAL GUINEA"
"188","Water","Thousands",NA,NA,NA,NA,NA,NA,NA,NA,NA,NA,NA,NA,NA,NA,NA,NA,NA,NA,NA,NA,NA,NA,NA,NA,NA,NA,NA,NA,"EQUATORIAL GUINEA"
"189","Land","Thousands",NA,NA,NA,NA,NA,NA,NA,NA,NA,NA,NA,NA,NA,NA,NA,NA,NA,NA,NA,NA,NA,NA,NA,NA,NA,NA,NA,NA,"EQUATORIAL GUINEA"
"190","Air","Thousands",56,58,62,35,26,34,59,51,49,51,45,35,38,38,35,40,42,79,48,45,32,84,NA,NA,NA,NA,NA,NA,"ERITREA"
"191","Water","Thousands",5,3,5,2,3,3,2,2,2,2,1,2,2,1,NA,NA,NA,1,1,1,1,1,NA,NA,NA,NA,NA,NA,"ERITREA"
"192","Land","Thousands",254,356,343,151,28,33,52,48,29,34,37,41,41,31,44,44,65,49,92,73,81,57,NA,NA,NA,NA,NA,NA,"ERITREA"
"193","Air","Thousands",105,130,135,150,NA,149,152,161,185,NA,NA,NA,NA,NA,NA,NA,NA,NA,NA,NA,NA,NA,NA,NA,NA,NA,NA,NA,"ESTONIA"
"194","Water","Thousands",1585,1735,1770,1900,NA,2221,2143,2212,2193,NA,NA,NA,NA,NA,NA,NA,NA,NA,NA,NA,NA,NA,NA,NA,NA,NA,NA,NA,"ESTONIA"
"195","Land","Thousands",420,579,713,859,NA,940,935,880,999,NA,NA,NA,NA,NA,NA,NA,NA,NA,NA,NA,NA,NA,NA,NA,NA,NA,NA,NA,"ESTONIA"
"196","Air","Thousands",23,22,20,21,17,20,13,14,17,NA,22,22,27,27,26,25,22,23,22,16.2,20,20.4,20.1,19.5,19,11.4,11.6,37.2,"ESWATINI"
"197","Water","Thousands",NA,NA,NA,NA,NA,NA,NA,NA,NA,NA,NA,NA,NA,NA,NA,NA,NA,NA,NA,NA,NA,NA,NA,NA,NA,NA,NA,NA,"ESWATINI"
"198","Land","Thousands",276,1315,1615,965,1236,1131,1299,1357,1526,NA,1160,1178,1203,1159,1318,1317,1306,1256,1277,1308.4,1236,1258.2,1322.5,1257.7,1206.5,334,199.1,465.4,"ESWATINI"
"199","Air","Thousands",103,109,115,91,92,109,116,131,160,173,193,290,312,330,371,403,450,513,661,748.6,839,845.4,906.1,833.5,767.8,256.6,474.5,853.8,"ETHIOPIA"
"200","Water","Thousands",NA,NA,NA,NA,NA,NA,NA,NA,NA,NA,NA,NA,NA,NA,NA,NA,NA,NA,NA,NA,NA,NA,NA,NA,NA,NA,NA,NA,"ETHIOPIA"
"201","Land","Thousands",NA,NA,24,21,23,27,32,25,20,11,34,40,46,53,56,65,73,83,20,21.8,25,25.2,27.3,15.6,43.8,14,43.7,42.8,"ETHIOPIA"
"202","Air","Thousands",313,396,424,365,404,287,342,390,422,NA,537,538,527,570,528,613,654,642,NA,NA,NA,NA,NA,NA,NA,NA,NA,NA,"FIJI"
"203","Water","Thousands",23,23,17,6,6,7,6,8,8,NA,8,11,13,15,14,19,21,19,NA,NA,NA,NA,NA,NA,NA,NA,NA,NA,"FIJI"
"204","Land","Thousands",NA,NA,NA,NA,NA,NA,NA,NA,NA,NA,NA,NA,NA,NA,NA,NA,NA,NA,NA,NA,NA,NA,NA,NA,NA,NA,NA,NA,"FIJI"
"205","Air","Thousands",NA,NA,NA,1222,1208,1427,1558,1603,1577,1640,1734,1999,2049,2265,2036,2214,2533,2434,NA,NA,NA,NA,NA,NA,NA,NA,NA,NA,"FINLAND"
"206","Water","Thousands",NA,NA,NA,1247,1104,1218,1241,1362,1287,1449,1538,1593,1694,1637,1606,1580,1722,1865,NA,NA,NA,NA,NA,NA,NA,NA,NA,NA,"FINLAND"
"207","Land","Thousands",NA,NA,NA,963,1051,1144,1453,1722,1663,1765,1766,1753,1993,2170,2053,2388,3005,3337,NA,NA,NA,NA,NA,NA,NA,NA,NA,NA,"FINLAND"
"208","Air","Thousands",NA,9136,9670,NA,NA,NA,11574,NA,NA,14882,16325,17825,20710,21895,19520,18593.6,21190.4,22233.1,23580.5,23670,26326.8,26350.3,27508.9,28880.3,29395.1,NA,NA,NA,"FRANCE"
"209","Water","Thousands",NA,4527,4990,NA,NA,NA,4470,NA,NA,7558,7488,7793,7675,7309,6962,7055.8,6652,6094.5,6677.2,5256,5607.2,5094.3,5814.4,5774.6,5877.5,NA,NA,NA,"FRANCE"
"210","Land","Thousands",NA,48742,51931,NA,NA,NA,59158,NA,NA,51993,51175,52298,52467,50014,50282,50997.5,52656.2,53652.1,53376,54775,52517.5,51237.6,53434.9,54667,55641.4,NA,NA,NA,"FRANCE"
"211","Air","Thousands",NA,NA,NA,NA,NA,NA,65,65,NA,NA,NA,NA,NA,NA,NA,NA,NA,NA,NA,NA,87,96,111,NA,NA,NA,NA,NA,"FRENCH GUIANA"
"212","Water","Thousands",NA,NA,NA,NA,NA,NA,NA,NA,NA,NA,NA,NA,NA,NA,NA,NA,NA,NA,NA,NA,NA,NA,NA,NA,NA,NA,NA,NA,"FRENCH GUIANA"
"213","Land","Thousands",NA,NA,NA,NA,NA,NA,NA,NA,NA,NA,NA,NA,NA,NA,NA,NA,NA,NA,NA,NA,NA,NA,NA,NA,NA,NA,NA,NA,"FRENCH GUIANA"
"214","Air","Thousands",166,164,180,189,211,252,228,189,213,212,208,222,218,196,160,154,163,169,164,181,184,192,199,216,237,77,83,219,"FRENCH POLYNESIA"
"215","Water","Thousands",6,NA,NA,NA,NA,NA,NA,NA,NA,NA,NA,NA,NA,NA,NA,NA,NA,NA,NA,NA,NA,NA,NA,NA,NA,NA,NA,NA,"FRENCH POLYNESIA"
"216","Land","Thousands",NA,NA,NA,NA,NA,NA,NA,NA,NA,NA,NA,NA,NA,NA,NA,NA,NA,NA,NA,NA,NA,NA,NA,NA,NA,NA,NA,NA,"FRENCH POLYNESIA"
"217","Air","Thousands",125,145,167,195,178,155,169,208,222,NA,NA,NA,NA,NA,NA,NA,NA,NA,NA,NA,NA,NA,NA,NA,NA,NA,NA,NA,"GABON"
"218","Water","Thousands",NA,NA,NA,NA,NA,NA,NA,NA,NA,NA,NA,NA,NA,NA,NA,NA,NA,NA,NA,NA,NA,NA,NA,NA,NA,NA,NA,NA,"GABON"
"219","Land","Thousands",NA,NA,NA,NA,NA,NA,NA,NA,NA,NA,NA,NA,NA,NA,NA,NA,NA,NA,NA,NA,NA,NA,NA,NA,NA,NA,NA,NA,"GABON"
"220","Air","Thousands",45,77,85,91,96,79,57,81,89,90,108,125,143,147,142,91,106,157,171,156,135,161.1,162.1,209.1,235.8,89.2,102.4,182.8,"GAMBIA"
"221","Water","Thousands",NA,NA,NA,NA,NA,NA,NA,NA,NA,7,5,3,NA,NA,NA,NA,NA,NA,NA,NA,17,15,11.9,10.5,13.2,8.9,11.7,12.8,"GAMBIA"
"222","Land","Thousands",NA,NA,NA,NA,NA,NA,NA,NA,NA,362,347,486,345,496,NA,NA,NA,NA,NA,NA,297,273.6,347.6,332.4,370.5,148,217.6,374.4,"GAMBIA"
"223","Air","Thousands",15,27,200,72,200,72,58,67,73,96,131,179,161,192,199,245,342.5,431,584.6,639.9,737.7,998.8,1439.7,1788.4,1829.3,269.2,877.2,1536.3,"GEORGIA"
"224","Water","Thousands",NA,NA,NA,NA,NA,52,34,40,45,34,NA,50,41,48,54,57,47.3,42.4,41.7,40.5,36,36.1,31.7,32.5,40.5,13.3,6.9,18,"GEORGIA"
"225","Land","Thousands",70,90,113,245,184,263,210,191,195,237,429,754,849,1050,1247,1730,2321.9,3632.5,4328.1,4324,4482.3,4358,5011.4,5382.5,5855.9,1230.9,837.3,3149.5,"GEORGIA"
"226","Air","Thousands",NA,NA,NA,NA,NA,NA,NA,NA,NA,NA,NA,NA,NA,NA,NA,70924,75672,77771,79298,82072,85658,88747,94671,99763,102244,26432,34307,73226,"GERMANY"
"227","Water","Thousands",NA,NA,NA,NA,NA,NA,NA,NA,NA,NA,NA,NA,NA,NA,NA,NA,NA,NA,NA,6151,6266,6420,6635,6422,6684,2412,3110,6028,"GERMANY"
"228","Land","Thousands",NA,NA,NA,NA,NA,NA,NA,NA,NA,NA,NA,NA,NA,NA,NA,NA,NA,NA,NA,NA,NA,NA,NA,NA,NA,NA,NA,NA,"GERMANY"
"229","Air","Thousands",NA,NA,NA,NA,NA,NA,NA,NA,NA,NA,NA,NA,NA,NA,NA,NA,NA,NA,NA,NA,NA,NA,NA,NA,NA,NA,NA,NA,"GHANA"
"230","Water","Thousands",NA,NA,NA,NA,NA,NA,NA,NA,NA,NA,NA,NA,NA,NA,NA,NA,NA,NA,NA,NA,NA,NA,NA,NA,NA,NA,NA,NA,"GHANA"
"231","Land","Thousands",NA,NA,NA,NA,NA,NA,NA,NA,NA,NA,NA,NA,NA,NA,NA,NA,NA,NA,NA,NA,NA,NA,NA,NA,NA,NA,NA,NA,"GHANA"
"232","Air","Thousands",8479,7684,8148,8646,9962,10454,10841,10438,10417,9974,10915,11509,11920,11692,10748,10637,11671,10993,12302.4,14057,14981,16330.7,17947,20385.7,20709.4,5550.4,11630.4,21113.8,"GREECE"
"233","Water","Thousands",1422,1127,1084,1282,1239,1308,1430,1535,1445,1510,1932,2255,1081,1080,1008,1031,948,790,807,701,632,860.8,973.3,934.9,1043.7,268.6,435.4,569.5,"GREECE"
"234","Land","Thousands",811,971,1357,1436,1405,1805,2408,2945,2923,2784,3090,3520,3163,3167,3159,3339,3808,3734,4810.2,7275,7986,7607.9,8273.9,8802.2,9595.3,1555.4,2639,6152.2,"GREECE"
"235","Air","Thousands",95,94,98,104,115,118,112,121,134,128,94,114,125,125,109,105,114,105,106,125,133,135.4,146.4,161,163,43.8,42.1,133.2,"GRENADA"
"236","Water","Thousands",13,14,13,12,11,10,11,11,8,6,5,5,5,5,4,5,19,20,22,25,22,20.2,22,25,25,10.4,4.7,15.8,"GRENADA"
"237","Land","Thousands",NA,NA,NA,NA,NA,NA,NA,NA,NA,NA,NA,NA,NA,NA,NA,NA,NA,NA,NA,NA,NA,NA,NA,NA,NA,NA,NA,NA,"GRENADA"
"238","Air","Thousands",NA,625,660,580,561,603,521,NA,439,456,372,393,408,412,347,392,317,325,487,486,512,581,650,735,NA,NA,NA,NA,"GUADELOUPE"
"239","Water","Thousands",NA,611,470,334,293,392,238,148,130,104,73,72,91,115,111,105,102,162,158,234,310,276,320,431,NA,NA,NA,NA,"GUADELOUPE"
"240","Land","Thousands",NA,NA,NA,NA,NA,NA,NA,NA,NA,NA,NA,NA,NA,NA,NA,NA,NA,NA,NA,NA,NA,NA,NA,NA,NA,NA,NA,NA,"GUADELOUPE"
"241","Air","Thousands",1350,1362,1373,1129,1156,1279,1124,1031,857,1121,1185,1184,1181,1093,1044,1188,1150,1298.6,1328.7,1331,1400,1517.4,1522.4,1532.4,1655.7,326.6,78.4,327.6,"GUAM"
"242","Water","Thousands",11,10,8,8,6,8,35,28,52,39,43,28,44,49,8,9,10,9,5.7,12,9,18.1,23,16.6,11,1.6,1,0.8,"GUAM"
"243","Land","Thousands",NA,NA,NA,NA,NA,NA,NA,NA,NA,NA,NA,NA,NA,NA,NA,NA,NA,NA,NA,NA,NA,NA,NA,NA,NA,NA,NA,NA,"GUAM"
"244","Air","Thousands",299,269,303,331,358,366,408,403,402,434,480,497,558,556,494.4,520.9,508.2,536.7,552.5,598,640.3,681.6,737.9,783.3,806.2,205.4,358.7,747.4,"GUATEMALA"
"245","Water","Thousands",22,19,42,47,27,10,11,15,26,34,31,63,52,71,91.6,83.4,83.4,83,83,81.6,87,112.6,129,150.4,130.8,42,3.9,26,"GUATEMALA"
"246","Land","Thousands",242,232,232,258,438,450,417,466,452,714,805,942,1017,1088,724.8,779.4,842.7,870.9,880.4,1059.2,1137.9,1112,1246.2,1472.2,1622.6,346.6,303.4,1071.3,"GUATEMALA"
"247","Air","Thousands",NA,12,17,23,27,33,36.4,40.6,44,42,45,46.1,30,23.7,NA,12.4,131,96,56,33,35,63,99,NA,NA,NA,NA,NA,"GUINEA"
"248","Water","Thousands",NA,NA,NA,NA,NA,NA,0.5,0.3,NA,0.1,NA,0.5,NA,NA,NA,NA,NA,NA,NA,NA,NA,NA,NA,NA,NA,NA,NA,NA,"GUINEA"
"249","Land","Thousands",NA,NA,NA,NA,NA,NA,0.8,1.6,NA,2.5,NA,NA,NA,NA,NA,NA,NA,NA,NA,NA,NA,NA,NA,NA,NA,NA,NA,NA,"GUINEA"
"250","Air","Thousands",NA,NA,NA,NA,NA,NA,7.8,NA,NA,NA,5,11.6,15.6,18,16,22.3,36.7,35.4,35.5,36.1,43.8,45.2,49.5,55,52.4,NA,NA,NA,"GUINEA-BISSAU"
"251","Water","Thousands",NA,NA,NA,NA,NA,NA,NA,NA,NA,NA,NA,NA,NA,NA,NA,NA,NA,NA,NA,NA,NA,NA,NA,NA,NA,NA,NA,NA,"GUINEA-BISSAU"
"252","Land","Thousands",NA,NA,NA,NA,NA,NA,NA,NA,NA,NA,NA,NA,NA,NA,NA,NA,NA,NA,NA,NA,NA,NA,NA,NA,NA,NA,NA,NA,"GUINEA-BISSAU"
"253","Air","Thousands",88,81,68,NA,NA,NA,NA,104,101,122,117,113,134,130,141,152,157,177,NA,NA,173.4,201.2,216.3,255.1,286.7,77.3,154,269.1,"GUYANA"
"254","Water","Thousands",18,11,7,NA,NA,NA,NA,NA,NA,NA,NA,NA,NA,NA,NA,NA,NA,NA,NA,NA,23.6,23.7,21.5,22.5,18.6,6.8,3.2,12.9,"GUYANA"
"255","Land","Thousands",NA,NA,NA,NA,NA,NA,NA,NA,NA,NA,NA,NA,NA,NA,NA,NA,NA,NA,NA,NA,9.8,10.5,9.5,9.1,9.4,2.4,1.1,6.4,"GUYANA"
"256","Air","Thousands",145,150,149,147,143,140,142,140,136,96,112,108,386,258,387,255,349,349.2,420,465.2,516,445,467,447.4,286,203,148,NA,"HAITI"
"257","Water","Thousands",NA,NA,NA,NA,NA,305,357,342,382,289,368,450,482,500,439,538,597,610,644,662.4,674,708,795,885.2,652,119,0,NA,"HAITI"
"258","Land","Thousands",NA,NA,NA,NA,NA,NA,NA,NA,NA,NA,NA,NA,NA,NA,NA,NA,NA,NA,NA,NA,NA,NA,NA,NA,NA,NA,NA,NA,"HAITI"
"259","Air","Thousands",205,201,189,206,227,237,230,210,248,259,301,352,383,398,391,401,426,378.3,394,413,427.4,457,572,604.3,459.8,128.8,327.7,478.1,"HONDURAS"
"260","Water","Thousands",4,3,7,5,5,13,17,20,19,20,23,26,NA,NA,NA,NA,NA,NA,NA,NA,NA,NA,NA,NA,NA,NA,NA,NA,"HONDURAS"
"261","Land","Thousands",61,59,110,110,139,221,271,320,344,362,348,361,421,470,445,462,445,516.4,469,455,452.9,381,278.2,242.5,264.4,75.5,131.4,366.3,"HONDURAS"
"262","Air","Thousands",6823,7532,6342,5571,6062,6709,6530,6891,4981,7015,7803,8625,9223,9114,8624,10187,11026,11559,12332,12849,13172.8,13398.5,13704.6,14386.7,11869.8,853.1,21.7,501.4,"HONG KONG, CHINA"
"263","Water","Thousands",1055,2882,2363,1957,1999,2096,2149,2509,2206,2827,2788,3076,3793,3975,3343,3981,4469,4694,5056,5181,4756.5,4688.1,4830.6,4825.7,2918,169.49,9.3,6.4,"HONG KONG, CHINA"
"264","Land","Thousands",2322,2560,2568,2632,3267,4254,5046,7166,8350,11969,12768,13550,15153,16418,17624,21863,26426,32362,36911,42809,41378.3,38568.3,39936.9,45935.2,41124.8,2546.3,60.4,96.8,"HONG KONG, CHINA"
"265","Air","Thousands",892,1183,1349,1496,1823,1735,1391,1302,1730,2282,2084,2110,2230,2923,3258,3205,3531,3305,3518,3724,4408,4936.8,5441,6113.4,7029.1,1840.7,2163.4,4438.3,"HUNGARY"
"266","Water","Thousands",70,78,83,97,89,138,153,168,256,256,290,249,294,NA,NA,NA,NA,NA,NA,NA,NA,NA,NA,NA,NA,NA,NA,NA,"HUNGARY"
"267","Land","Thousands",38278,38572,35882,32031,26891,29269,29136,30270,34097,34097,36181,38604,39942,36631,37366,36700,37773,40260,40093,42260,43937,47953.3,49521,51553.5,54368.1,29800,34524.1,41905,"HUNGARY"
"268","Air","Thousands",185,195,195,225,255,296,296,278,309,349,363,409,470,488,480,473,553,660,791,979,1271,1772.4,2201.7,2323.1,1994.3,479.9,687.9,NA,"ICELAND"
"269","Water","Thousands",26,28,28,30,26,32,33,37,39,56,66,68,69,73,83,85,75,105,109,123,118,118.5,151,165.3,207.5,7.8,29,NA,"ICELAND"
"270","Land","Thousands",NA,NA,NA,NA,NA,NA,NA,NA,NA,NA,NA,NA,NA,NA,NA,NA,NA,NA,NA,NA,NA,NA,NA,NA,NA,NA,NA,NA,"ICELAND"
"271","Air","Thousands",1833,1996,2048,2041,2089,2214,2210,1953,2265,2960,3390,3873,4542,4707,4642,5302,5804,6032,6341,6611.7,6787,7406.2,7992.5,8405.9,8462.5,2173.9,1336,NA,"INDIA"
"272","Water","Thousands",1,2,1,1,NA,NA,23,14,14,17,16,27,31,37,53,40,50,46,35,30.7,54,74.7,68.2,81.8,101.1,41.2,10.8,NA,"INDIA"
"273","Land","Thousands",290,290,325,317,393,427,304,417,447,480,513,547,509,539,473,434,454,500,592,1036.6,1186,1323.5,1975,2070.3,2366.7,529.7,180.3,NA,"INDIA"
"274","Air","Thousands",2700,3210,3138,2346,2449,2760,2766,2745,2178,2790,2889,2822,3304,4091,4396,4998,5446,5755,6429,6977.5,7331,8555.6,9670.7,10088.8,9834.7,1713.6,137.2,3296,"INDONESIA"
"275","Water","Thousands",1598,1796,2024,2223,2256,2271,2355,2256,2262,2509,2082,2019,2163,2095,1874,1955,2148,2241,2325,2398.5,2744.5,2628,2783,2753.2,4160.6,1024.6,415.5,1726.8,"INDONESIA"
"276","Land","Thousands",26,28,23,38,23,33,33,32,27,22,31,30,39,48,54,50,56,48,48,59.4,331.3,335.7,1586,2968.3,2111.6,1314.8,1004.8,866.2,"INDONESIA"
"277","Air","Thousands",151,169,321,413,236,257,395,429,NA,545,NA,NA,NA,730,635,636,637,862,1253,1518,1664,1615.9,1629.1,1441.7,1573,194.6,344.7,1224.4,"IRAN, ISLAMIC REPUBLIC OF"
"278","Water","Thousands",10,6,5,20,10,9,15,11,NA,33,NA,NA,NA,22,15,19,27,19,28,29,26,27.8,28.2,21.4,22,0.5,0.4,22.3,"IRAN, ISLAMIC REPUBLIC OF"
"279","Land","Thousands",291,398,438,574,1075,1075,992,1144,NA,1080,NA,NA,NA,1282,1466,2283,2689,2952,3488,3420,3547,3298.3,3209.7,5831.7,7512.3,1354.5,644.3,2861.6,"IRAN, ISLAMIC REPUBLIC OF"
"280","Air","Thousands",NA,NA,NA,NA,NA,NA,NA,NA,NA,NA,NA,NA,NA,NA,NA,NA,NA,NA,NA,NA,NA,NA,NA,NA,NA,NA,NA,NA,"IRAQ"
"281","Water","Thousands",NA,NA,NA,NA,NA,NA,NA,NA,NA,NA,NA,NA,NA,NA,NA,NA,NA,NA,NA,NA,NA,NA,NA,NA,NA,NA,NA,NA,"IRAQ"
"282","Land","Thousands",NA,NA,NA,NA,NA,NA,NA,NA,NA,NA,NA,NA,NA,NA,NA,NA,NA,NA,NA,NA,NA,NA,NA,NA,NA,NA,NA,NA,"IRAQ"
"283","Air","Thousands",2666,3043,3305,3708,4101,4450,4322,4439,4819,4980,5546,6304,6578,6468,5703,4845,5339,5314,5626,6010,6931,7622,7924,8477,8659,NA,NA,NA,"IRELAND"
"284","Water","Thousands",1354,1451,1502,1660,1605,1545,1343,1302,1236,1213,1082,964,1006,892,787,855,791,730,781,814,816,803,798,796,694,NA,NA,NA,"IRELAND"
"285","Land","Thousands",798,795,780,696,697,650,688,735,710,761,705,733,748,665,700,1434,1500,1506,1853,1989,1781,1675,1616,1653,1598,NA,NA,NA,"IRELAND"
"286","Air","Thousands",1678,1612,1561,1553,1827,1955,1060,778,972,1339,1653,1568,1747,2114,1963,2313,2438,2482,2580.2,2528,2509,2623,3205,3634.4,3968.2,739.8,380.8,2450,"ISRAEL"
"287","Water","Thousands",22,17,19,16,18,16,6,3,4,5,5,2,1,0.5,NA,NA,NA,NA,NA,NA,NA,NA,NA,NA,NA,NA,NA,NA,"ISRAEL"
"288","Land","Thousands",515,471,430,373,468,446,130,80,88,162,245,255,319,458,358,490,382,404,381.4,399,290,277,408,486.4,583.4,91.6,15.8,225,"ISRAEL"
"289","Air","Thousands",8500,8558.4,8984,9200,9507,10773,10926,11567,12062,16927,18592,21520,23226,21368,19930,21092,23079,23276,24882.7,25736.7,28114,30483.8,34116.5,37229.5,39396.2,9976.4,11543.9,31761.6,"ITALY"
"290","Water","Thousands",2029,2164.8,2497,2338,2403,2952,2729,2913,2932,2022,2126,1901,1650,2118,2365,2552,2062,1820,1561.9,1511,1609,1701.5,1633.7,1701,1727.9,627.9,1026.5,1355.1,"ITALY"
"291","Land","Thousands",45177,49082.1,46518,46962,47612,48977,47304,49081,48031,39531,38512,42932,45394,47232,49397,49581,50725,51198,50317.7,50446.4,51344.7,52739.2,54181.2,54298.2,54274.7,27814.5,27615.3,41199.9,"ITALY"
"292","Air","Thousands",1147,1162,1192,1225,1248,1323,1277,1266,1350,1415,1479,1679,1701,1767,1831,1922,1952,1986,2008.45,2080,2123,2181.7,2353,2473,2681,880.4,1464,2478.4,"JAMAICA"
"293","Water","Thousands",605,658,712,674,764,908,840,865,1133,1100,1136,1337,1180,1092,922,910,1125,1320,1265,1424,1569,1655.6,1923,1846,1553,449.3,71,852.3,"JAMAICA"
"294","Land","Thousands",NA,NA,NA,NA,NA,NA,NA,NA,NA,NA,NA,NA,NA,NA,NA,NA,NA,NA,NA,NA,NA,NA,NA,NA,NA,NA,NA,NA,"JAMAICA"
"295","Air","Thousands",3652,4143,4530,4464,4717,5072,5061,5496,5428,6399,7022,7607,8486,8448,7147,8741,6681,8567,10635,13511,19117.4,22618,26687,29323,30644.3,4278.2,353,4195.9,"JAPAN"
"296","Water","Thousands",80,102,140,93,185,200,225,276,299,357,428,501,666,698,435,703,454,605,620,639,570.9,601,741.8,779,542.9,29.1,NA,2.2,"JAPAN"
"297","Land","Thousands",NA,NA,NA,NA,NA,NA,NA,NA,NA,NA,NA,NA,NA,NA,NA,NA,NA,NA,NA,NA,NA,NA,NA,NA,NA,NA,NA,NA,"JAPAN"
"298","Air","Thousands",315,319,316,716,760,782,818,948,1028,1407,1449,1885,1705,1735,1883,2186,2270,2604,2686,2910,2095.3,1904.5,2033,2221.1,2436.9,573.4,1207.4,2173.9,"JORDAN"
"299","Water","Thousands",555,531,394,337,235,211,298,221,288,370,356,425,586,607,507,511,366,408,330,269,191.8,161.2,152.8,166.5,190.2,36.9,54.6,110,"JORDAN"
"300","Land","Thousands",2407,2314,2358,3594,3584,3083,3424,5574,5340,6222,6573,6683,6179,6889,6870,8439,6077,5053,3963,3762,2522.1,2170.3,2379.3,2534.5,2733.5,629.5,1096.8,2765.2,"JORDAN"
"301","Air","Thousands",NA,NA,NA,NA,NA,NA,NA,NA,767,274,298,504,584,568,521,565,785,850,944,874,NA,NA,NA,NA,NA,NA,NA,NA,"KAZAKHSTAN"
"302","Water","Thousands",NA,NA,NA,NA,NA,NA,NA,NA,NA,30,12,14,15,4,4,4,6,6,7,6,NA,NA,NA,NA,NA,NA,NA,NA,"KAZAKHSTAN"
"303","Land","Thousands",NA,NA,NA,NA,NA,NA,NA,NA,2470,3987,4055,4189,4711,3545,3249,3528,4894,5307,5890,5453,NA,NA,NA,NA,NA,NA,NA,NA,"KAZAKHSTAN"
"304","Air","Thousands",614,633,631,564,611,654,627,539,547,764,842,964,1118,764,962,1120,1301,1292,1132.8,887.6,771,920.3,996.4,1490.1,1581.7,428.6,699.2,NA,"KENYA"
"305","Water","Thousands",2,2,2,2,2,2,2,6,1,4,5,12,16,10,28,28,35,6,6,23.3,7,6.3,6.2,0.7,0.8,1.5,0.9,NA,"KENYA"
"306","Land","Thousands",357,368,367,328,356,381,365,456,598,592,632,625,683,429,500,461,487,413,380.7,439.4,403,413.2,446.2,534.4,466.3,137.7,170.3,NA,"KENYA"
"307","Air","Thousands",3.9,4.2,5.1,5.7,5.1,4.8,4.6,4.9,4.9,3.4,4.1,4.4,4.7,3.9,3.9,4.7,5.3,4.9,5.9,5,3.9,5.7,5.8,7.1,7.9,1.4,0.034,NA,"KIRIBATI"
"308","Water","Thousands",NA,NA,NA,NA,15.2,8.6,9.9,114.6,125.2,60.5,46.1,6.4,27.6,NA,NA,NA,NA,NA,NA,3.3,4.3,1.9,1.7,1.9,4.1,NA,0.033,NA,"KIRIBATI"
"309","Land","Thousands",NA,NA,NA,NA,NA,NA,NA,NA,NA,NA,NA,NA,NA,NA,NA,NA,NA,NA,NA,NA,NA,NA,NA,NA,NA,NA,NA,NA,"KIRIBATI"
"310","Air","Thousands",NA,NA,NA,NA,NA,NA,NA,NA,NA,NA,NA,NA,NA,NA,NA,NA,NA,NA,NA,NA,NA,NA,NA,NA,NA,NA,NA,NA,"KOREA, DEMOCRATIC PEOPLE´S REPUBLIC OF"
"311","Water","Thousands",NA,NA,NA,NA,NA,NA,NA,NA,NA,NA,NA,NA,NA,NA,NA,NA,NA,NA,NA,NA,NA,NA,NA,NA,NA,NA,NA,NA,"KOREA, DEMOCRATIC PEOPLE´S REPUBLIC OF"
"312","Land","Thousands",NA,NA,NA,NA,NA,NA,NA,NA,NA,NA,NA,NA,NA,NA,NA,NA,NA,NA,NA,NA,NA,NA,NA,NA,NA,NA,NA,NA,"KOREA, DEMOCRATIC PEOPLE´S REPUBLIC OF"
"313","Air","Thousands",2721,2656,2848,3275,3646,4045,3948,4067,3536,4529,4776,5116,5448,5822,6725,7518,8375,9759,9892,11557.4,10732.5,13714.9,11781.9,13955.8,15739.8,2240.5,674,2878.8,"KOREA, REPUBLIC OF"
"314","Water","Thousands",201,223,239,228,271,324,327,326,314,400,404,1039,1001,1069,1093,1279,1420,1381,2284,2644.1,2499.2,3526.9,1553.9,1391.1,1763,278.6,293,319.2,"KOREA, REPUBLIC OF"
"315","Land","Thousands",NA,NA,NA,NA,NA,NA,NA,NA,NA,NA,NA,NA,NA,NA,NA,NA,NA,NA,NA,NA,NA,NA,NA,NA,NA,NA,NA,NA,"KOREA, REPUBLIC OF"
"316","Air","Thousands",807,859,878,903,961,929,994,1139,1272,1525,1657,1857,2126,2248,2425,2512,2571,2670,2914,3114.4,3390,3604.4,3942,4314,4277.2,1027.3,890.3,NA,"KUWAIT"
"317","Water","Thousands",37,34,28,41,57,62,57,56,52,48,41,39,31,33,35,27,24,21,30,28.2,22,30.5,39,41,38.2,3.1,1.3,NA,"KUWAIT"
"318","Land","Thousands",607,672,731,819,866,953,1021,1120,1278,1482,1776,2003,2325,2454,2628,2669,2979,3038,3273,3384.9,3529,3419.9,3426,4153,4249.6,1130.5,714,NA,"KUWAIT"
"319","Air","Thousands",NA,NA,NA,44,24,14,46,40,NA,NA,NA,56,91,110,95,131,238,272,370,388,386,308,408,408,219.2,67.9,144,331.4,"KYRGYZSTAN"
"320","Water","Thousands",NA,NA,NA,NA,NA,NA,NA,NA,NA,NA,NA,NA,NA,NA,NA,NA,NA,NA,NA,NA,NA,NA,NA,NA,NA,NA,NA,NA,"KYRGYZSTAN"
"321","Land","Thousands",NA,NA,NA,246,141,158,152,143,NA,NA,NA,129,152,195,188,129,99,76,44,25,16,13,13,15,15.5,1.3,0.4,14.3,"KYRGYZSTAN"
"322","Air","Thousands",35,47,51,65,66,92,95,147,159,242,438,389,650,556,582,1030,1329,340,421,500,520,578.9,520.2,613,1906.8,175.2,NA,NA,"LAO PEOPLE´S DEMOCRATIC REPUBLIC"
"323","Water","Thousands",NA,NA,NA,NA,NA,NA,NA,NA,NA,NA,NA,NA,NA,NA,NA,NA,NA,NA,NA,NA,NA,NA,NA,NA,NA,NA,NA,NA,"LAO PEOPLE´S DEMOCRATIC REPUBLIC"
"324","Land","Thousands",311,356,412,435,548,645,579,589,477,653,657,826,974,1181,1426,1483,1395,2990,3358,3659,4164,3660.1,3348.7,3573.4,2884.2,711.2,NA,NA,"LAO PEOPLE´S DEMOCRATIC REPUBLIC"
"325","Air","Thousands",107,112,127,142,140,140,156,155,188,299,494,641,857,982,1277,1539,1698,1597,1628,1652,1789,1586.6,2094.7,2087.7,2677.2,653.1,838.5,NA,"LATVIA"
"326","Water","Thousands",126,102,130,147,121,126,124,174,188,208,210,231,318,328,319,344,399,429,433,418,347,317.2,517.5,924.5,549.1,163.4,NA,NA,"LATVIA"
"327","Land","Thousands",1400,1536,1585,1499,1477,1616,1781,1968,2148,2620,3086,3777,4034,4186,3130,3159,3441,3543,3761,4176,4706,4893.1,5113.6,4763,5116,2387.1,1098.3,NA,"LATVIA"
"328","Air","Thousands",NA,NA,381,418,448,481,515,582,NA,NA,NA,673,663,900,1261,1406,1368,1287,1203,1282.3,1422,1564.1,1715.9,1801.8,1737.9,378.3,809.8,1288.4,"LEBANON"
"329","Water","Thousands",NA,NA,2,3,2,1,1,1,NA,NA,NA,387,75,11,12,18,26,56,7,7.1,19,16,12.9,12.7,11,4.4,7.3,9.8,"LEBANON"
"330","Land","Thousands",NA,NA,174,182,223,260,321,374,NA,NA,NA,21,352,431,588,759,284,72,64,65.3,77,108.3,128,149.4,187.4,31.5,72.9,167.8,"LEBANON"
"331","Air","Thousands",8,12,7,9,9,9,9,9,11,10,11,13,15,15,14,13,12,11,14,NA,12.4,13.7,12.1,19.2,15.4,NA,2.1,NA,"LESOTHO"
"332","Water","Thousands",NA,NA,NA,NA,NA,NA,NA,NA,NA,NA,NA,NA,NA,NA,NA,NA,NA,NA,NA,NA,NA,NA,NA,NA,NA,NA,NA,NA,"LESOTHO"
"333","Land","Thousands",201,300,306,280,299,293,286,279,318,294,293,344,285,278,330,413,386,412,419,1079,1070,1182.6,1125.1,1153.4,1126.9,NA,276.5,NA,"LESOTHO"
"334","Air","Thousands",NA,NA,NA,NA,NA,NA,NA,NA,NA,NA,NA,NA,NA,NA,NA,NA,NA,NA,NA,NA,NA,NA,NA,NA,NA,NA,NA,NA,"LIBERIA"
"335","Water","Thousands",NA,NA,NA,NA,NA,NA,NA,NA,NA,NA,NA,NA,NA,NA,NA,NA,NA,NA,NA,NA,NA,NA,NA,NA,NA,NA,NA,NA,"LIBERIA"
"336","Land","Thousands",NA,NA,NA,NA,NA,NA,NA,NA,NA,NA,NA,NA,NA,NA,NA,NA,NA,NA,NA,NA,NA,NA,NA,NA,NA,NA,NA,NA,"LIBERIA"
"337","Air","Thousands",NA,NA,NA,NA,NA,NA,343,309,342,NA,NA,NA,NA,NA,NA,NA,NA,NA,NA,NA,NA,NA,NA,NA,NA,NA,NA,NA,"LIBYA"
"338","Water","Thousands",NA,51,36,34,39,38,20,18,19,NA,NA,NA,NA,NA,NA,NA,NA,NA,NA,NA,NA,NA,NA,NA,NA,NA,NA,NA,"LIBYA"
"339","Land","Thousands",NA,1225,877,816,926,925,590,531,591,NA,NA,NA,NA,NA,NA,NA,NA,NA,NA,NA,NA,NA,NA,NA,NA,NA,NA,NA,"LIBYA"
"340","Air","Thousands",NA,NA,NA,NA,NA,NA,NA,NA,NA,NA,NA,NA,NA,NA,NA,NA,NA,NA,NA,NA,NA,NA,NA,NA,NA,NA,NA,NA,"LIECHTENSTEIN"
"341","Water","Thousands",NA,NA,NA,NA,NA,NA,NA,NA,NA,NA,NA,NA,NA,NA,NA,NA,NA,NA,NA,NA,NA,NA,NA,NA,NA,NA,NA,NA,"LIECHTENSTEIN"
"342","Land","Thousands",NA,NA,NA,NA,NA,NA,NA,NA,NA,NA,NA,NA,NA,NA,NA,NA,NA,NA,NA,NA,NA,NA,NA,NA,NA,NA,NA,NA,"LIECHTENSTEIN"
"343","Air","Thousands",NA,106,132,132,138,149,148,161,185,199,320,400,517,579,422,510,605,655,704,736,785,908,1044.1,1233.9,1325.7,345.9,436.8,1023,"LITHUANIA"
"344","Water","Thousands",NA,65,64,40,56,58,40,38,55,66,95,170,41,39,38,49,26,33,31,29,31,34,39.7,48.9,26.9,57.1,18.4,26.9,"LITHUANIA"
"345","Land","Thousands",NA,661,816,1244,1228,876,1082,1229,1251,1536,1585,1610,928,993,881,948,1144,1212,1277,1297,1256,1354,1439.6,1542.1,1521.9,533.7,492.5,1118.8,"LITHUANIA"
"346","Air","Thousands",NA,NA,NA,NA,NA,NA,NA,NA,NA,NA,NA,NA,NA,NA,NA,NA,NA,NA,NA,NA,NA,NA,NA,NA,NA,NA,NA,NA,"LUXEMBOURG"
"347","Water","Thousands",NA,NA,NA,NA,NA,NA,NA,NA,NA,NA,NA,NA,NA,NA,NA,NA,NA,NA,NA,NA,NA,NA,NA,NA,NA,NA,NA,NA,"LUXEMBOURG"
"348","Land","Thousands",NA,NA,NA,NA,NA,NA,NA,NA,NA,NA,NA,NA,NA,NA,NA,NA,NA,NA,NA,NA,NA,NA,NA,NA,NA,NA,NA,NA,"LUXEMBOURG"
"349","Air","Thousands",32.67,408.995,537.209,512.18,672.89,834.203,861.795,905.387,654.603,861.783,1040.101,1236.178,1473.754,1665.227,1619.099,1634.062,1681.68,1767.771,1949.73,2055.199,2089.774,2413.317,2744.635,3295.8,3847.376,436.936,501.387,241.186,"MACAO, CHINA"
"350","Water","Thousands",5989.222,6041.204,4838.576,4687.055,4436.328,5190.517,5267.734,5700.711,5174.587,6304.563,6719.895,7655.855,8980.381,9173.206,8684.809,10244.087,11020.999,11484.84,11557.593,12080.543,11413.908,10777.447,11236.083,10355.396,6267.619,426.298,200.821,166.045,"MACAO, CHINA"
"351","Land","Thousands",1730.603,1700.856,1624.585,1749.3,2334.706,3137.492,4149.444,4924.743,6058.686,9506.21,10951.191,13106.089,16549.235,12094.752,11448.843,13087.262,15299.6,14829.681,15817.499,17389.89,17210.946,17759.572,18629.788,22152.467,29291.186,5033.614,7003.735,5293.108,"MACAO, CHINA"
"352","Air","Thousands",75,83,101,121,138,160,170,62,139,229,277,312,344,375,163,196,225,256,196,222,244,293,255,291,384,68.3,7.8,NA,"MADAGASCAR"
"353","Water","Thousands",NA,NA,NA,NA,NA,NA,NA,NA,NA,NA,NA,NA,NA,NA,NA,NA,NA,NA,NA,NA,38,40,30,69,102,18.8,NA,NA,"MADAGASCAR"
"354","Land","Thousands",NA,NA,NA,NA,NA,NA,NA,NA,NA,NA,NA,NA,NA,NA,NA,NA,NA,NA,NA,NA,NA,NA,NA,NA,NA,NA,NA,NA,"MADAGASCAR"
"355","Air","Thousands",54,59,70,75,86,74,84,94,114,114,106,201,232,227,251,224,227,198.5,219.8,230.4,220.6,233.2,129.2,134.4,347.3,38.6,136.1,NA,"MALAWI"
"356","Water","Thousands",NA,NA,NA,NA,NA,NA,NA,NA,NA,3,7,5,9,15,21,4,4,3.1,9.1,4.7,2,2.3,1.2,1.3,1,0.8,0.4,NA,"MALAWI"
"357","Land","Thousands",138,134,137,145,168,154,182,289,310,310,325,432,494,500,483,518,536,568.8,566.2,584,582.3,613.8,706.9,735.5,630,159.5,295.5,NA,"MALAWI"
"358","Air","Thousands",1830,1680,1906,1559,1933,3265,2827,2434,1810,1988,2846,3348,4032,4883,NA,NA,NA,NA,7095.7,7789,7450.4,6192,6606.3,8965.4,9613.9,1648,69.3,NA,"MALAYSIA"
"359","Water","Thousands",207,224,201,427,762,371,420,245,265,330,449,523,1005,832,NA,NA,NA,NA,737.6,836.6,971.4,1368,1059.8,1179.5,1289.2,313,1.6,NA,"MALAYSIA"
"360","Land","Thousands",5085,4871,3752,3217,4761,5973,8815,9965,8010,12333,12125,12365,14180,14047,NA,NA,NA,NA,17882,18811.7,17299.4,19197,18282.3,15687.4,15197.6,2372,63.8,NA,"MALAYSIA"
"361","Air","Thousands",315,339,366,396,430,467,461,485,564,617,395,602,676,683,656,792,931,958,1125,1205,1234,1286,1390,1484,1703,555,1322,1675,"MALDIVES"
"362","Water","Thousands",NA,NA,NA,NA,NA,NA,NA,NA,NA,NA,NA,NA,NA,NA,NA,NA,NA,NA,NA,NA,NA,NA,NA,NA,NA,NA,NA,NA,"MALDIVES"
"363","Land","Thousands",NA,NA,NA,NA,NA,NA,NA,NA,NA,NA,NA,NA,NA,NA,NA,NA,NA,NA,NA,NA,NA,NA,NA,NA,NA,NA,NA,NA,"MALDIVES"
"364","Air","Thousands",42,98,75,83,82,86,89,96,110,113,143,153,164,NA,116,129,130,101,121,152,159,173.2,193,203,217,75,168,NA,"MALI"
"365","Water","Thousands",NA,NA,NA,NA,NA,NA,NA,NA,NA,NA,NA,NA,NA,NA,NA,NA,NA,NA,NA,NA,NA,NA,NA,NA,NA,NA,NA,NA,"MALI"
"366","Land","Thousands",NA,NA,NA,NA,NA,NA,NA,NA,NA,NA,NA,NA,NA,NA,44,40,30,33,21,16,0.1,NA,NA,NA,NA,NA,NA,NA,"MALI"
"367","Air","Thousands",1039,973,1040,1102,1143,1177,1145,1098,1097,1127,1151,1104,1224,1270,1166,1309,1375,1401,1539,1641.3,1737.7,1918,2226.6,2552,2702,640,944,2231.5,"MALTA"
"368","Water","Thousands",77,81,71,80,71,39,35,35,29,29,20,20,20,21,16,30,40,42,43,48.5,45,48,47.2,47,51,18.6,24,55.1,"MALTA"
"369","Land","Thousands",NA,NA,NA,NA,NA,NA,NA,NA,NA,NA,NA,NA,NA,NA,NA,NA,NA,NA,NA,NA,NA,NA,NA,NA,NA,NA,NA,NA,"MALTA"
"370","Air","Thousands",5.5,6.2,6.4,6.4,4.6,5.2,5.4,6,7.2,7,7.5,5.8,7.2,6,4.9,4.6,4.6,4.6,NA,4.9,6.3,5.4,6,6.8,6.1,1.2,0.035,NA,"MARSHALL ISLANDS"
"371","Water","Thousands",NA,NA,NA,NA,NA,NA,NA,NA,NA,2,1.7,NA,NA,NA,0.5,NA,NA,NA,NA,NA,NA,NA,NA,NA,NA,NA,NA,NA,"MARSHALL ISLANDS"
"372","Land","Thousands",NA,NA,NA,NA,NA,NA,NA,NA,NA,NA,NA,NA,NA,NA,NA,NA,NA,NA,NA,NA,NA,NA,NA,NA,NA,NA,NA,NA,"MARSHALL ISLANDS"
"373","Air","Thousands",NA,425,464,498,511,475,419,393,384,404,439,465,469,457,418,451,475,462,476,473.1,461.8,495.9,519.5,515,517.2,300.2,282.1,522.1,"MARTINIQUE"
"374","Water","Thousands",NA,52,49,51,53,51,41,54,70,67,45,38,32,24,24,27,21,26,14,16.4,25.5,23.4,16.2,22,39.1,12.1,8.9,34,"MARTINIQUE"
"375","Land","Thousands",NA,NA,NA,NA,NA,NA,NA,NA,NA,NA,NA,NA,NA,NA,NA,NA,NA,NA,NA,NA,NA,NA,NA,NA,NA,NA,NA,NA,"MARTINIQUE"
"376","Air","Thousands",NA,NA,NA,NA,NA,NA,NA,NA,NA,NA,NA,NA,NA,NA,NA,NA,NA,NA,NA,NA,NA,NA,NA,NA,NA,NA,NA,NA,"MAURITANIA"
"377","Water","Thousands",NA,NA,NA,NA,NA,NA,NA,NA,NA,NA,NA,NA,NA,NA,NA,NA,NA,NA,NA,NA,NA,NA,NA,NA,NA,NA,NA,NA,"MAURITANIA"
"378","Land","Thousands",NA,NA,NA,NA,NA,NA,NA,NA,NA,NA,NA,NA,NA,NA,NA,NA,NA,NA,NA,NA,NA,NA,NA,NA,NA,NA,NA,NA,"MAURITANIA"
"379","Air","Thousands",416,480,529,541,564,646,650,668,690,708,748,775,895,914,848,911,940,948.5,980,1035,1132,1247,1312.3,1359.7,1338.2,279.3,178.7,990.1,"MAURITIUS"
"380","Water","Thousands",6,6,7,17,14,10,10,14,12,11,13,13,12,16,23,24,25,16.9,13,3,19,28,29.6,39.7,45.2,29.7,1,7.2,"MAURITIUS"
"381","Land","Thousands",NA,NA,NA,NA,NA,NA,NA,NA,NA,NA,NA,NA,NA,NA,NA,NA,NA,NA,NA,NA,NA,NA,NA,NA,NA,NA,NA,NA,"MAURITIUS"
"382","Air","Thousands",5626,6317,6978,7086,7301,7973,7662,7334,7696,8870,9936,10153,10617,11007,8675,10619,10844,11361,12221.3,13463,15248,16878,18548,19368,19634.9,8337.6,14602.1,21329.1,"MEXICO"
"383","Water","Thousands",NA,NA,NA,NA,NA,NA,NA,NA,NA,NA,NA,NA,NA,NA,NA,NA,NA,NA,NA,NA,NA,NA,NA,NA,NA,NA,NA,NA,"MEXICO"
"384","Land","Thousands",14615,15078,12373,12306,11742,12668,12148,12333,10969,11748,11979,11199,10989,11924,12671,12671,12559,12042,11929.3,15883,16845,18201,20743,21944.7,25389.5,15945.9,17258.3,16996.4,"MEXICO"
"385","Air","Thousands",NA,NA,NA,NA,NA,NA,NA,NA,NA,NA,NA,NA,NA,NA,NA,NA,NA,NA,NA,NA,NA,NA,NA,NA,NA,NA,NA,NA,"MICRONESIA, FEDERATED STATES OF"
"386","Water","Thousands",NA,NA,NA,NA,NA,NA,NA,NA,NA,NA,NA,NA,NA,NA,NA,NA,NA,NA,NA,NA,NA,NA,NA,NA,NA,NA,NA,NA,"MICRONESIA, FEDERATED STATES OF"
"387","Land","Thousands",NA,NA,NA,NA,NA,NA,NA,NA,NA,NA,NA,NA,NA,NA,NA,NA,NA,NA,NA,NA,NA,NA,NA,NA,NA,NA,NA,NA,"MICRONESIA, FEDERATED STATES OF"
"388","Air","Thousands",NA,NA,NA,NA,NA,NA,NA,NA,NA,NA,NA,NA,NA,NA,NA,NA,NA,NA,NA,NA,NA,NA,NA,NA,NA,NA,NA,NA,"MOLDOVA, REPUBLIC OF"
"389","Water","Thousands",NA,NA,NA,NA,NA,NA,NA,NA,NA,NA,NA,NA,NA,NA,NA,NA,NA,NA,NA,NA,NA,NA,NA,NA,NA,NA,NA,NA,"MOLDOVA, REPUBLIC OF"
"390","Land","Thousands",NA,NA,NA,NA,NA,NA,NA,NA,NA,NA,NA,NA,NA,NA,NA,NA,NA,NA,NA,NA,NA,NA,NA,NA,NA,NA,NA,NA,"MOLDOVA, REPUBLIC OF"
"391","Air","Thousands",NA,NA,NA,NA,NA,NA,169,169,151,168,196,222,230,NA,NA,NA,NA,NA,NA,NA,NA,NA,NA,NA,NA,NA,NA,NA,"MONACO"
"392","Water","Thousands",NA,NA,NA,NA,NA,NA,101,93,84,82,90,91,98,NA,NA,NA,NA,NA,NA,NA,NA,NA,NA,NA,NA,NA,NA,NA,"MONACO"
"393","Land","Thousands",NA,NA,NA,NA,NA,NA,NA,NA,NA,NA,NA,NA,NA,NA,NA,NA,NA,NA,NA,NA,NA,NA,NA,NA,NA,NA,NA,NA,"MONACO"
"394","Air","Thousands",NA,NA,NA,NA,NA,NA,NA,NA,NA,NA,NA,NA,NA,NA,NA,NA,NA,NA,NA,NA,NA,NA,NA,NA,NA,NA,NA,NA,"MONGOLIA"
"395","Water","Thousands",NA,NA,NA,NA,NA,NA,NA,NA,NA,NA,NA,NA,NA,NA,NA,NA,NA,NA,NA,NA,NA,NA,NA,NA,NA,NA,NA,NA,"MONGOLIA"
"396","Land","Thousands",NA,NA,NA,NA,NA,NA,NA,NA,NA,NA,NA,NA,NA,NA,NA,NA,NA,NA,NA,NA,NA,NA,NA,NA,NA,NA,NA,NA,"MONGOLIA"
"397","Air","Thousands",NA,NA,NA,NA,NA,NA,NA,NA,NA,NA,NA,NA,NA,NA,NA,NA,NA,NA,NA,NA,NA,NA,NA,NA,NA,NA,NA,NA,"MONTENEGRO"
"398","Water","Thousands",NA,NA,NA,NA,NA,NA,NA,NA,NA,NA,NA,NA,NA,NA,NA,NA,NA,NA,NA,NA,NA,NA,NA,NA,NA,NA,NA,NA,"MONTENEGRO"
"399","Land","Thousands",NA,NA,NA,NA,NA,NA,NA,NA,NA,NA,NA,NA,NA,NA,NA,NA,NA,NA,NA,NA,NA,NA,NA,NA,NA,NA,NA,NA,"MONTENEGRO"
"400","Air","Thousands",NA,NA,NA,NA,NA,NA,1.8,1.9,1.3,1.6,5.6,7.9,7.7,6.8,5.6,5.1,4.1,4.1,4.5,4.1,4.1,6,4.1,4.4,4,1.9,1.6,NA,"MONTSERRAT"
"401","Water","Thousands",NA,NA,NA,NA,NA,NA,8,7.9,7.1,8.5,4.1,0.1,0.1,0.6,0.7,0.9,1.3,3.2,2.7,4.7,4.8,2.7,5.4,5.8,6.4,2.6,NA,NA,"MONTSERRAT"
"402","Land","Thousands",NA,NA,NA,NA,NA,NA,NA,NA,NA,NA,NA,NA,NA,NA,NA,NA,NA,NA,NA,NA,NA,NA,NA,NA,NA,NA,NA,NA,"MONTSERRAT"
"403","Air","Thousands",1153,1277,1431,1581,1853,2110,2146,2095,2139,2548,2986,3549,4395,4792,5108,6136,6254,6019,6691.4,6950,6772.3,6804,7619.3,8399.5,9081.5,2265.1,3461.2,7546.9,"MOROCCO"
"404","Water","Thousands",1008,1021,1187,989,1455,1612,1637,1655,1881,2201,2040,1937,1745,1756,1913,1924,1902,1941,1993.1,2036,2113.1,2198.3,2482.5,2471.6,2320.9,293.3,250.8,1422.3,"MOROCCO"
"405","Land","Thousands",441,395,454,525,508,556,597,703,741,728,818,1072,1268,1331,1320,1229,1186,1415,1361.7,1297,1291.4,1329.5,1247.6,1417.5,1529.8,219.4,9.8,1899.6,"MOROCCO"
"406","Air","Thousands",NA,NA,NA,NA,NA,NA,15,55,70,116,156,140,54,109,190,508,604,730,675,738.5,616,605.2,534.1,1012.6,843,434,219.9,NA,"MOZAMBIQUE"
"407","Water","Thousands",NA,NA,NA,NA,NA,NA,NA,NA,NA,NA,NA,NA,NA,NA,NA,NA,NA,NA,NA,NA,NA,NA,NA,NA,3,1,0.1,NA,"MOZAMBIQUE"
"408","Land","Thousands",NA,NA,NA,NA,NA,NA,389,888,656,595,798,524,717,1330,1521,1328,1409,1476,1295,1012.1,1018,1110.1,979.6,1857.2,1187,525,328.9,NA,"MOZAMBIQUE"
"409","Air","Thousands",117,172,189,201,198,206,202,215,203,240,230,261,246,191,236,308,385,586,796,1082,1220.9,1214,1314.1,1335.7,1792.4,330.4,18.6,90.8,"MYANMAR"
"410","Water","Thousands",2,3,3,3,1,1,3,2,3,2,2,3,2,3,2,1,3,3,6,18.6,26.8,11,6.9,9.4,8.7,1.1,0.8,1.2,"MYANMAR"
"411","Land","Thousands",75,315,299,274,236,209,270,270,391,415,428,366,468,538,525,483,428,470,1242,1980.7,3433.3,1682,2122.1,2206.3,2563,571.9,111.6,141.4,"MYANMAR"
"412","Air","Thousands",NA,112,121,NA,NA,NA,165,183,167,167,185,217,246,273,NA,282,281.5,291.3,320.7,341.1,376.7,426.5,408,435.8,683.6,79.8,98.4,214.3,"NAMIBIA"
"413","Water","Thousands",NA,NA,NA,NA,NA,NA,NA,NA,4,NA,3,3,6,9,NA,15,15.3,10.2,11.7,8.6,10.3,9.8,8.9,9.2,38.6,2.5,0.5,NA,"NAMIBIA"
"414","Land","Thousands",NA,NA,NA,NA,NA,NA,505,574,520,NA,589,613,677,649,NA,687,730.4,777.5,843.7,970.4,1000.7,1033,1082.5,1112.2,873.8,87.3,133.9,246.7,"NAMIBIA"
"415","Air","Thousands",NA,NA,NA,NA,NA,NA,NA,NA,NA,NA,NA,NA,NA,NA,NA,NA,NA,NA,NA,NA,NA,NA,NA,NA,NA,NA,NA,NA,"NAURU"
"416","Water","Thousands",NA,NA,NA,NA,NA,NA,NA,NA,NA,NA,NA,NA,NA,NA,NA,NA,NA,NA,NA,NA,NA,NA,NA,NA,NA,NA,NA,NA,"NAURU"
"417","Land","Thousands",NA,NA,NA,NA,NA,NA,NA,NA,NA,NA,NA,NA,NA,NA,NA,NA,NA,NA,NA,NA,NA,NA,NA,NA,NA,NA,NA,NA,"NAURU"
"418","Air","Thousands",325,343,371,398,421,377,299,218,275,297,277,284,361,375,379,449,545,598,595,586,407.4,572.6,760.6,969.3,995.9,183.1,150.6,592.6,"NEPAL"
"419","Water","Thousands",NA,NA,NA,NA,NA,NA,NA,NA,NA,NA,NA,NA,NA,NA,NA,NA,NA,NA,NA,NA,NA,NA,NA,NA,NA,NA,NA,NA,"NEPAL"
"420","Land","Thousands",38,50,51,66,70,87,62,57,63,88,98,100,166,125,131,154,191,205,203,204,131.6,180.4,179.6,203.8,201.3,47,0.3,22.2,"NEPAL"
"421","Air","Thousands",NA,NA,NA,NA,3787,NA,NA,NA,NA,NA,NA,NA,NA,NA,NA,NA,NA,NA,NA,NA,NA,NA,NA,NA,NA,NA,NA,NA,"NETHERLANDS"
"422","Water","Thousands",NA,NA,NA,NA,287,NA,NA,NA,NA,NA,NA,NA,NA,NA,NA,NA,NA,NA,NA,NA,NA,NA,NA,NA,NA,NA,NA,NA,"NETHERLANDS"
"423","Land","Thousands",NA,NA,NA,NA,5800,NA,NA,NA,NA,NA,NA,NA,NA,NA,NA,NA,NA,NA,NA,NA,NA,NA,NA,NA,NA,NA,NA,NA,"NETHERLANDS"
"424","Air","Thousands",84,89,105,104,100,110,100,102,101,99,101,100,103,104,99,99,112,112,108,107,114,116,121,120,131,31,12.4,79,"NEW CALEDONIA"
"425","Water","Thousands",2,2,2,2,2,2,1,2,1,1,NA,NA,NA,NA,NA,NA,NA,NA,NA,NA,NA,NA,NA,NA,NA,NA,NA,NA,"NEW CALEDONIA"
"426","Land","Thousands",NA,NA,NA,NA,NA,NA,NA,NA,NA,NA,NA,NA,NA,NA,NA,NA,NA,NA,NA,NA,NA,NA,NA,NA,NA,NA,NA,NA,"NEW CALEDONIA"
"427","Air","Thousands",1397,1518,1488,1470,1592,1776,1897,2022,2083,2322,2349,2387,2431,2408,2420,2488,2568,2532,2672,2817.1,3097.6,3460.7,3677,3809.3,3827.4,965.7,205,1426.3,"NEW ZEALAND"
"428","Water","Thousands",12,11,9,15,15,11,13,23,21,12,17,22,25,39,28,23,26,23,38,36.4,31.8,33.6,46,48.4,61,30.7,2,7.5,"NEW ZEALAND"
"429","Land","Thousands",NA,NA,NA,NA,NA,NA,NA,NA,NA,NA,NA,NA,NA,NA,NA,NA,NA,NA,NA,NA,NA,NA,NA,NA,NA,NA,NA,NA,"NEW ZEALAND"
"430","Air","Thousands",95,105,123,136,153,172,172,164,180,204,235,279,323,356,353,351,360,392,400,433,466.3,478.8,606.1,381.8,410,118.2,88.2,485.3,"NICARAGUA"
"431","Water","Thousands",13,15,12,13,14,17,17,17,21,13,26,28,15,26,26,14,15,17,19,22,19.2,15.7,8,7,7.5,2.5,1.4,4.3,"NICARAGUA"
"432","Land","Thousands",173,182,223,257,301,297,294,291,324,397,451,442,462,476,553,646,685,771,810,875,900.9,1009.9,1173.2,866.7,877.7,263.3,132.8,328.3,"NICARAGUA"
"433","Air","Thousands",35,38,44,20,39,50,51,39,50,54,58,60,48,73,66,74,82,94,123,135,135,152,164,157,192,85,NA,NA,"NIGER"
"434","Water","Thousands",NA,NA,NA,NA,NA,NA,NA,NA,NA,NA,NA,NA,NA,NA,NA,NA,NA,NA,NA,NA,NA,NA,NA,NA,NA,NA,NA,NA,"NIGER"
"435","Land","Thousands",NA,NA,NA,NA,NA,NA,NA,NA,NA,NA,NA,NA,NA,NA,NA,NA,NA,NA,NA,NA,NA,NA,NA,NA,NA,NA,NA,NA,"NIGER"
"436","Air","Thousands",NA,NA,NA,1273,1338,1401,1646,1924,2116,2493,2618,2879,3140,3401,3662,3118,2503,2313,2439,2698.8,3309.5,1565.8,1450.9,1471.2,1501,338.6,349,356,"NIGERIA"
"437","Water","Thousands",NA,NA,NA,17,17,18,21,22,25,28,29,32,560,407,520,183,67,257,319,624.4,785.5,328.9,103.6,105.1,107.2,24.2,24.9,25,"NIGERIA"
"438","Land","Thousands",NA,NA,NA,67,70,73,86,99,112,125,131,144,1539,1795,1871,2812,1195,2103,1280,1480,1922.3,3370.8,3627.4,3678,3752.5,846.6,872.5,890,"NIGERIA"
"439","Air","Thousands",2.2,1.5,1.8,1.7,1.9,1.9,1.4,2.1,2.7,2.6,2.8,3,3.3,4.7,4.7,3.8,NA,NA,NA,NA,NA,NA,NA,NA,NA,NA,NA,NA,"NIUE"
"440","Water","Thousands",NA,NA,NA,NA,NA,NA,NA,NA,NA,NA,NA,NA,0.2,NA,NA,2.4,NA,NA,NA,NA,NA,NA,NA,NA,NA,NA,NA,NA,"NIUE"
"441","Land","Thousands",NA,NA,NA,NA,NA,NA,NA,NA,NA,NA,NA,NA,NA,NA,NA,NA,NA,NA,NA,NA,NA,NA,NA,NA,NA,NA,NA,NA,"NIUE"
"442","Air","Thousands",NA,NA,NA,NA,NA,NA,NA,NA,NA,NA,NA,NA,NA,NA,NA,NA,NA,NA,NA,NA,NA,NA,NA,NA,NA,NA,NA,NA,"NORTH MACEDONIA"
"443","Water","Thousands",NA,NA,NA,NA,NA,NA,NA,NA,NA,NA,NA,NA,NA,NA,NA,NA,NA,NA,NA,NA,NA,NA,NA,NA,NA,NA,NA,NA,"NORTH MACEDONIA"
"444","Land","Thousands",NA,NA,NA,NA,NA,NA,NA,NA,NA,NA,NA,NA,NA,NA,NA,NA,NA,NA,NA,NA,NA,NA,NA,NA,NA,NA,NA,NA,"NORTH MACEDONIA"
"445","Air","Thousands",669,728,685,481,493,517,438,466,452,525,498,429,385,388,345,375,336,398.6,436.3,455,475.1,526,656,516.4,483.7,86.8,12.2,96.1,"NORTHERN MARIANA ISLANDS"
"446","Water","Thousands",7,8,10,9,8,12,6,10,7,11,9,7,4,9,9,4,5,2.4,2.6,4.7,3.4,5,4,1.4,3.3,2.1,0.5,0.5,"NORTHERN MARIANA ISLANDS"
"447","Land","Thousands",NA,NA,NA,NA,NA,NA,NA,NA,NA,NA,NA,NA,NA,NA,NA,NA,NA,NA,NA,NA,NA,NA,NA,NA,NA,NA,NA,NA,"NORTHERN MARIANA ISLANDS"
"448","Air","Thousands",NA,NA,NA,998,1037,1006,998,1011,1170,1414,1588,1756,1916,1901,1798,2008,2137,NA,NA,NA,NA,NA,NA,NA,NA,NA,NA,NA,"NORWAY"
"449","Water","Thousands",NA,NA,NA,700,673,673,655,690,698,694,709,750,808,731,748,824,827,NA,NA,NA,NA,NA,NA,NA,NA,NA,NA,NA,"NORWAY"
"450","Land","Thousands",NA,NA,NA,1558,1513,1425,1420,1410,1401,1521,1527,1565,1654,1716,1801,1934,2000,NA,NA,NA,NA,NA,NA,NA,NA,NA,NA,NA,"NORWAY"
"451","Air","Thousands",NA,NA,NA,NA,NA,NA,NA,NA,NA,NA,NA,NA,NA,NA,NA,NA,NA,NA,NA,NA,NA,NA,NA,NA,NA,NA,NA,NA,"OMAN"
"452","Water","Thousands",NA,NA,NA,NA,NA,NA,NA,NA,NA,NA,NA,NA,NA,NA,NA,NA,NA,NA,NA,NA,NA,NA,NA,NA,NA,NA,NA,NA,"OMAN"
"453","Land","Thousands",NA,NA,NA,NA,NA,NA,NA,NA,NA,NA,NA,NA,NA,NA,NA,NA,NA,NA,NA,NA,NA,NA,NA,NA,NA,NA,NA,NA,"OMAN"
"454","Air","Thousands",328,317,313,354,354,475,407,408,385,536,682,763,732,718,679,NA,NA,NA,NA,NA,NA,NA,NA,NA,NA,NA,NA,NA,"PAKISTAN"
"455","Water","Thousands",NA,1,NA,1,2,3,NA,NA,NA,NA,NA,NA,NA,NA,37,NA,NA,NA,NA,NA,NA,NA,NA,NA,NA,NA,NA,NA,"PAKISTAN"
"456","Land","Thousands",50,51,62,74,76,79,93,90,116,112,116,135,108,105,139,NA,NA,NA,NA,NA,NA,NA,NA,NA,NA,NA,NA,NA,"PAKISTAN"
"457","Air","Thousands",53,69,74,64,55,58,54,59,63,89,81,82,88,81,71,85,111,120,108,140,162,138,123,106,94,18,NA,NA,"PALAU"
"458","Water","Thousands",NA,NA,NA,NA,NA,NA,NA,NA,NA,NA,NA,NA,NA,NA,NA,NA,NA,NA,NA,NA,NA,NA,NA,NA,NA,NA,NA,NA,"PALAU"
"459","Land","Thousands",NA,NA,NA,NA,NA,NA,NA,NA,NA,NA,NA,NA,NA,NA,NA,NA,NA,NA,NA,NA,NA,NA,NA,NA,NA,NA,NA,NA,"PALAU"
"460","Air","Thousands",300,308,344,343,359,375,392,409,450,476,546,671,912,1044,1007,1096,1209,1349,1392,1656.1,2016.1,1902.1,1865.6,1855.5,1848,416,665.4,1520.2,"PANAMA"
"461","Water","Thousands",6,6,7,8,9,9,13,15,10,23,21,21,13,NA,NA,NA,NA,NA,NA,404.8,297.2,250.8,445.2,417.7,436.4,193.6,90.6,340,"PANAMA"
"462","Land","Thousands",39,48,51,59,88,100,113,108,105,122,135,151,178,202,193,228,264,257,266,243.8,239.4,226.3,206.7,214.2,209.5,37.5,48.3,85.5,"PANAMA"
"463","Air","Thousands",40,NA,NA,NA,63,58,54,54,56,59,69,78,104,114,121,140,158,168,174,182,183,179,139,140,160,39,17,66.8,"PAPUA NEW GUINEA"
"464","Water","Thousands",2,NA,NA,NA,4,NA,NA,NA,NA,NA,NA,NA,NA,6,5,6,7,7,8,9,16,19,43,55,51,NA,NA,2.6,"PAPUA NEW GUINEA"
"465","Land","Thousands",NA,NA,NA,NA,NA,NA,NA,NA,NA,NA,NA,NA,NA,NA,NA,NA,NA,NA,NA,NA,NA,NA,NA,NA,NA,NA,NA,NA,"PAPUA NEW GUINEA"
"466","Air","Thousands",168,168,208,189,121,64,77,68,68,85,99,102,129,143,135,126,173,213,210,246,232.7,221.9,194.3,205.3,228.2,46,30.1,72.3,"PARAGUAY"
"467","Water","Thousands",19,19,17,12,12,NA,7,6,5,8,10,10,22,25,21,16,24,29,31,18,51.6,203.8,341.5,129.8,120.7,25.5,NA,40.7,"PARAGUAY"
"468","Land","Thousands",251,238,170,149,136,224,195,176,195,217,232,276,265,261,283,323,327,337,369,385,930.4,882.5,1048.1,845.8,866.7,180.5,64.8,466.4,"PARAGUAY"
"469","Air","Thousands",356,425,459,552,543,629,621.45,649.8,678.5,802.8,950.1,970.5,1131.9,1292.4,1343.8,1377.7,1562.5,1717,1935.3,1925.4,2033.8,2185.1,2379.8,2586.1,2736.5,530,444.3,1489.7,"PERU"
"470","Water","Thousands",5,5,6,5,14,9.5,10.4,6.9,7.3,8,8.3,16,20.6,25.1,32.7,24,24.3,22.1,18.5,32.4,30.9,31,32.1,31.6,19.9,11.2,NA,8.8,"PERU"
"471","Land","Thousands",118,154,185,213,170,418,395.8,407,450,539.2,612.1,734.2,763.9,740.2,763.5,897.5,1011,1106.5,1209.8,1257.1,1390.9,1528.3,1620.5,1801.7,1615.4,355.4,NA,510.7,"PERU"
"472","Air","Thousands",1740,2019,2178,2092,2129,1964,1770,1905,1880,2260,2586,2807,3042,3085,2960,3461,3884,4238,4637,4773,5291,5894.6,6507,6940,8099.2,1457.3,164,2654,"PHILIPPINES"
"473","Water","Thousands",20,30,45,57,42,28,27,28,27,31,37,36,50,55,57,59,33,35,44,60,70,72.4,114,228,161.7,25.2,NA,NA,"PHILIPPINES"
"474","Land","Thousands",NA,NA,NA,NA,NA,NA,NA,NA,NA,NA,NA,NA,NA,NA,NA,NA,NA,NA,NA,NA,NA,NA,NA,NA,NA,NA,NA,NA,"PHILIPPINES"
"475","Air","Thousands",705,772,927,1011,1069,1161,1174,1126,1182,1539,2004,2432,2884,2800,2650,3200,3650,4040,4338,4425,4655,4829,5028,8285.3,8976.6,2617.5,3005.5,6396.8,"POLAND"
"476","Water","Thousands",482,551,1280,1574,1656,1764,1468,1433,1627,859,404,368,371,350,320,325,310,370,361,368,389,402,419,440.2,442.5,319.3,310.2,364.2,"POLAND"
"477","Land","Thousands",81057,86112,85610,86007,86393,81590,58789,48176,49321,59520,62197,62315,62953,56785,50870,54815,56785,62980,67611,68957,72690,75245,78357,77221,79095.6,48139.1,47710,65053.4,"POLAND"
"478","Air","Thousands",4122,4116,4344,4752,4947,5238,5259,5073,5162,5938,6137,6734,NA,NA,NA,NA,NA,NA,NA,NA,NA,NA,NA,NA,NA,NA,NA,NA,"PORTUGAL"
"479","Water","Thousands",239,242,251,260,293,272,188,187,317,NA,NA,NA,NA,NA,NA,NA,NA,NA,NA,NA,NA,NA,NA,NA,NA,NA,NA,NA,"PORTUGAL"
"480","Land","Thousands",18705,18894,19649,21549,21775,22504,22702,21935,22053,15226,15037,15854,NA,NA,NA,NA,NA,NA,NA,NA,NA,NA,NA,NA,NA,NA,NA,NA,"PORTUGAL"
"481","Air","Thousands",3131,3065,3242,3396,3024,3341,3551,3087,3238,3541,3686,3722,3687,3716,3183,3186,3048,3069,3172,3246,3542,3736,3513,3068,3180,2617.4,2755,3273.1,"PUERTO RICO"
"482","Water","Thousands",956,1045,1108,1275,1197,1225,1357,1276,1164,1348,1387,1300,1375,1497,1232,1194,1166,1128,1038,1210,1509,1267,1414,1192,1751,1264.6,0,364.4,"PUERTO RICO"
"483","Land","Thousands",NA,NA,NA,NA,NA,NA,NA,NA,NA,NA,NA,NA,NA,NA,NA,NA,NA,NA,NA,NA,NA,NA,NA,NA,NA,NA,NA,NA,"PUERTO RICO"
"484","Air","Thousands",NA,NA,NA,NA,NA,NA,NA,NA,NA,NA,NA,NA,NA,NA,850.7,1011,1182,1356.9,1515,1682.7,1770.6,1813.2,1673.4,1715.5,1939.7,449.7,442.5,1657.1,"QATAR"
"485","Water","Thousands",NA,NA,NA,NA,NA,NA,NA,NA,NA,NA,NA,NA,NA,NA,5.6,3.6,12.3,13.6,18.5,18.5,19.4,29.4,58.6,103.8,196.8,132,33.8,98,"QATAR"
"486","Land","Thousands",NA,NA,NA,NA,NA,NA,NA,NA,NA,NA,NA,NA,NA,NA,625.4,685.3,862.9,953,1078.5,1138.2,1151.1,1095.5,524.5,NA,NA,NA,134.5,804.7,"QATAR"
"487","Air","Thousands",304,350,374,400,394,430,424,426,432,430,409,279,381,396,422,420,471,447,416,406,426,458,508,535,534,217,251,495,"REUNION"
"488","Water","Thousands",NA,NA,NA,NA,NA,NA,NA,NA,NA,NA,NA,NA,NA,NA,NA,NA,NA,NA,NA,NA,NA,NA,NA,NA,NA,NA,NA,NA,"REUNION"
"489","Land","Thousands",NA,NA,NA,NA,NA,NA,NA,NA,NA,NA,NA,NA,NA,NA,NA,NA,NA,NA,NA,NA,NA,NA,NA,NA,NA,NA,NA,NA,"REUNION"
"490","Air","Thousands",433,479,533,553,566,655,705,689,752,704,919,1122,1460,1462,1277,1215,1509,1468.7,1347,1690,1535,2256.5,2648.1,2797,2936.5,729.9,1151.8,2546.8,"ROMANIA"
"491","Water","Thousands",175,161,171,160,141,141,135,137,152,186,187,209,234,262,164,154,168,186.6,196,189,178,166.6,161.2,162.4,185.1,99.2,218.1,450.8,"ROMANIA"
"492","Land","Thousands",4837,4565,4446,4119,4516,4468,4097,3968,4690,5709,4734,4706,6028,7138,6134,6129,5934,6281.4,6476,6563,7618,7799.8,8116.3,8761,9693.8,4193.6,5419,9699.2,"ROMANIA"
"493","Air","Thousands",2040,2194,2977,2685,2225,2466,2496,3140,3475,4090,4135,4426,5097,5532,4787,5590,6383,7537,8045.4,8198,7646,NA,NA,NA,NA,NA,NA,NA,"RUSSIAN FEDERATION"
"494","Water","Thousands",538,573,718,820,787,903,967,945,923,1153,1147,1107,1149,1252,1247,1196,1269,1351,1486.5,1333,1290.1,NA,NA,NA,NA,NA,NA,NA,"RUSSIAN FEDERATION"
"495","Land","Thousands",7712,13441,13768,12300,15481,17837,18132,19224,18123,16821,16919,16953,16663,16892,15304,15495,17280,19288,21260.3,22890,24793,NA,NA,NA,NA,NA,NA,NA,"RUSSIAN FEDERATION"
"496","Air","Thousands",NA,NA,NA,NA,NA,NA,NA,NA,NA,NA,NA,72,79,93,99.2,111.1,133.6,123.6,133.2,125.7,170.6,204,202.7,242.4,279.8,80.2,109.1,NA,"RWANDA"
"497","Water","Thousands",NA,NA,NA,NA,NA,NA,NA,NA,NA,NA,NA,NA,NA,NA,NA,NA,NA,NA,NA,NA,NA,NA,NA,NA,NA,NA,NA,NA,"RWANDA"
"498","Land","Thousands",NA,NA,NA,NA,NA,NA,NA,NA,NA,NA,NA,459,531,575,563.3,554.9,774.4,937.7,988.9,1093.8,1127.8,1173,1367.3,1469,1353.7,417.2,401.8,NA,"RWANDA"
"499","Air","Thousands",7.2,7.3,8.1,7.8,6.9,6.2,5.9,7.9,6.8,7.3,7.4,6.9,7,7.1,7.7,8,NA,NA,NA,NA,NA,NA,NA,NA,NA,NA,NA,NA,"SABA"
"500","Water","Thousands",2.8,2.5,2.5,2.8,2.3,2.9,3.1,2.9,3.5,3.7,4.1,4.1,4.6,4.9,4.3,4.3,NA,NA,NA,NA,NA,NA,NA,NA,NA,NA,NA,NA,"SABA"
"501","Land","Thousands",NA,NA,NA,NA,NA,NA,NA,NA,NA,NA,NA,NA,NA,NA,NA,NA,NA,NA,NA,NA,NA,NA,NA,NA,NA,NA,NA,NA,"SABA"
"502","Air","Thousands",82,86,92,96,87,76,74,73,95,121,145,144,128,131,91.6,104.9,113.2,108.9,112.7,113,118,116,115.4,125,120,30,20.2,80,"SAINT KITTS AND NEVIS"
"503","Water","Thousands",121,86,103,154,139,171,259,167,152,262,220,206,251,402,456.8,519.4,609.6,557,581.9,701.4,913,935,1078.2,1152,987,271,102.4,509,"SAINT KITTS AND NEVIS"
"504","Land","Thousands",NA,NA,NA,NA,NA,NA,NA,NA,NA,NA,NA,NA,NA,NA,NA,NA,NA,NA,NA,NA,NA,NA,NA,NA,NA,NA,NA,NA,"SAINT KITTS AND NEVIS"
"505","Air","Thousands",221,226,235,NA,NA,NA,NA,NA,NA,NA,NA,NA,NA,280,261,290,289,291,303.2,323,321,319.8,348.8,353.6,378,123,197.9,342.1,"SAINT LUCIA"
"506","Water","Thousands",185,196,328,NA,NA,NA,NA,NA,NA,NA,NA,NA,NA,16,18,16,23,16,15.4,15,24,28.1,37.3,41.1,46,7.7,1.5,14.1,"SAINT LUCIA"
"507","Land","Thousands",NA,NA,NA,NA,NA,NA,NA,NA,NA,NA,NA,NA,NA,NA,NA,NA,NA,NA,NA,NA,NA,NA,NA,NA,NA,NA,NA,NA,"SAINT LUCIA"
"508","Air","Thousands",91,88,93,88,86,94,86,90,92,100,104,106,96,90,81,78,78,77.4,74,73,77,80,78,81.4,85.6,27.2,24.4,59.4,"SAINT VINCENT AND THE GRENADINES"
"509","Water","Thousands",127,128,107,114,137,162,168,157,149,162,152,200,231,160,190,153,130,122.4,126,132,130,147,225.6,275,313.3,127.6,32.4,150.7,"SAINT VINCENT AND THE GRENADINES"
"510","Land","Thousands",NA,NA,NA,NA,NA,NA,NA,NA,NA,NA,NA,NA,NA,NA,NA,NA,NA,NA,NA,NA,NA,NA,NA,NA,NA,NA,NA,NA,"SAINT VINCENT AND THE GRENADINES"
"511","Air","Thousands",NA,NA,NA,76,81,85,85,86,89,94,99,112,118,118,127,127,125,132,122,129,135,140,153.5,167.6,174,20.5,1.1,47.2,"SAMOA"
"512","Water","Thousands",NA,NA,NA,2,4,3,3,3,3,4,3,4,4,4,2,3,3,3,3,3,4,6,4,4.8,7,3.4,1.5,3.4,"SAMOA"
"513","Land","Thousands",NA,NA,NA,NA,NA,NA,NA,NA,NA,NA,NA,NA,NA,NA,NA,NA,NA,NA,NA,NA,NA,NA,NA,NA,NA,NA,NA,NA,"SAMOA"
"514","Air","Thousands",NA,NA,NA,NA,NA,NA,NA,NA,NA,NA,NA,NA,NA,NA,NA,NA,NA,NA,NA,NA,NA,NA,NA,NA,NA,NA,NA,NA,"SAN MARINO"
"515","Water","Thousands",NA,NA,NA,NA,NA,NA,NA,NA,NA,NA,NA,NA,NA,NA,NA,NA,NA,NA,NA,NA,NA,NA,NA,NA,NA,NA,NA,NA,"SAN MARINO"
"516","Land","Thousands",3368,3345,3308,3264,3148,3071,3036,3102,2882,2812,2107,2136,2164,2112,2056,1976,2038,1869,1905,2004,1888,2000,1937,1874,1904,1015,1354,NA,"SAN MARINO"
"517","Air","Thousands",6.2,6.4,4.8,5.6,5.8,7.1,7.5,9.2,10,10.6,15.8,11.9,11,14.2,13.7,7.7,NA,NA,NA,NA,21.162,27,29.7,32.7,34.9,10.7,15.1,NA,"SAO TOME AND PRINCIPE"
"518","Water","Thousands",NA,NA,NA,NA,NA,NA,NA,NA,NA,NA,NA,0.4,0.8,0.3,1.5,0.3,NA,NA,NA,NA,2.418,1.866,0.2,0.7,NA,NA,NA,NA,"SAO TOME AND PRINCIPE"
"519","Land","Thousands",NA,NA,NA,NA,NA,NA,NA,NA,NA,NA,NA,NA,NA,NA,NA,NA,NA,NA,NA,NA,NA,NA,NA,NA,NA,NA,NA,NA,"SAO TOME AND PRINCIPE"
"520","Air","Thousands",1834,NA,NA,NA,NA,NA,NA,NA,NA,4194,4287,4857,7341,9282,5301,7006,8778,10756,10860,12394.8,11967,13590.8,12444.3,11980,14081.4,3226.8,2424,94190.6,"SAUDI ARABIA"
"521","Water","Thousands",275,NA,NA,NA,NA,NA,NA,NA,NA,581,488,270,581,1020,289,228,5,1,19,68.8,48,89.6,67.2,75,100.4,16.5,6.6,92,"SAUDI ARABIA"
"522","Land","Thousands",2291,NA,NA,NA,NA,NA,NA,NA,NA,3824,3301,3493,3608,4456,5307,3616,5396,5575,4893,5796.7,5979,4364,3597.4,3279,3343.8,894.9,1046.6,7055.2,"SAUDI ARABIA"
"523","Air","Thousands",NA,NA,NA,NA,NA,NA,NA,NA,NA,523,564,522,487,502,469,507,488,466,499,731.2,766.5,868.6,936.9,NA,NA,NA,NA,NA,"SENEGAL"
"524","Water","Thousands",NA,NA,NA,NA,NA,NA,NA,NA,NA,10,9,10,4,10,5,6,9,5,6.5,13.2,7.7,8.5,10.5,NA,NA,NA,NA,NA,"SENEGAL"
"525","Land","Thousands",NA,NA,NA,NA,NA,NA,NA,NA,NA,144,206,344,388,365,341,393,479.5,496,563.6,231.8,240.1,341.4,428.1,NA,NA,NA,NA,NA,"SENEGAL"
"526","Air","Thousands",NA,NA,NA,NA,NA,NA,NA,NA,NA,NA,NA,NA,NA,NA,NA,NA,NA,NA,NA,NA,NA,NA,NA,NA,NA,NA,NA,NA,"SERBIA"
"527","Water","Thousands",NA,NA,NA,NA,NA,NA,NA,NA,NA,NA,NA,NA,NA,NA,NA,NA,NA,NA,NA,NA,NA,NA,NA,NA,NA,NA,NA,NA,"SERBIA"
"528","Land","Thousands",NA,NA,NA,NA,NA,NA,NA,NA,NA,NA,NA,NA,NA,NA,NA,NA,NA,NA,NA,NA,NA,NA,NA,NA,NA,NA,NA,NA,"SERBIA"
"529","Air","Thousands",NA,NA,NA,NA,NA,NA,NA,NA,NA,NA,NA,NA,NA,NA,NA,NA,NA,NA,NA,NA,NA,NA,NA,NA,NA,NA,NA,NA,"SERBIA AND MONTENEGRO"
"530","Water","Thousands",NA,NA,NA,NA,NA,NA,NA,NA,NA,NA,NA,NA,NA,NA,NA,NA,NA,NA,NA,NA,NA,NA,NA,NA,NA,NA,NA,NA,"SERBIA AND MONTENEGRO"
"531","Land","Thousands",NA,NA,NA,NA,NA,NA,NA,NA,NA,NA,NA,NA,NA,NA,NA,NA,NA,NA,NA,NA,NA,NA,NA,NA,NA,NA,NA,NA,"SERBIA AND MONTENEGRO"
"532","Air","Thousands",115,126,125,124,121,127,127,129,119,117,125,137,159,156,155,174,193,207,229.6,232,275,302,348,355.8,371.9,108.3,182.3,330.5,"SEYCHELLES"
"533","Water","Thousands",6,5,5,4,3,3,3,3,3,4,4,4,2,3,2,1,1,1,0.7,1,1,1,2,6,12.3,6.5,0.6,1.5,"SEYCHELLES"
"534","Land","Thousands",NA,NA,NA,NA,NA,NA,NA,NA,NA,NA,NA,NA,NA,NA,NA,NA,NA,NA,NA,NA,NA,NA,NA,NA,NA,NA,NA,NA,"SEYCHELLES"
"535","Air","Thousands",13.8,21.9,7.5,12.9,10.6,15.8,24.1,28.4,38.1,43.6,40,33.7,32.2,36,37,39,52,60,81,44,24,54,51,57,63,24,40,NA,"SIERRA LEONE"
"536","Water","Thousands",NA,NA,NA,NA,NA,NA,NA,NA,NA,NA,NA,NA,NA,NA,NA,NA,NA,NA,NA,NA,NA,NA,NA,NA,NA,NA,NA,NA,"SIERRA LEONE"
"537","Land","Thousands",NA,NA,NA,NA,NA,NA,NA,NA,NA,NA,NA,NA,NA,NA,NA,NA,NA,NA,NA,NA,NA,NA,NA,NA,NA,NA,NA,NA,"SIERRA LEONE"
"538","Air","Thousands",5384,5463,5362,4687,5142,5658,5404,5394,4232,5728,6267,6758,7172,7234,7228,8845,10142,11109,11852,11693.4,11831.1,12651.7,13547.8,14330,14876.6,2114.2,317,5400,"SINGAPORE"
"539","Water","Thousands",816,896,972,830,1018,1157,1197,1177,1028,1332,1364,1571,1538,1322,1154,1266,1328,1464,1518,1543.3,1602.5,1676.3,1760.9,2057,2211.7,390.9,8.1,543.4,"SINGAPORE"
"540","Land","Thousands",937,933,864,724,798,877,921,997,867,1269,1312,1423,1575,1560,1301,1531,1701,1923,2198,1858.4,1797.9,2075.4,2115.9,2121,2027.8,237.3,4.9,362.4,"SINGAPORE"
"541","Air","Thousands",20,20,19,19,19,19,20,NA,NA,NA,NA,NA,NA,NA,NA,NA,NA,NA,NA,NA,NA,NA,NA,NA,NA,NA,NA,NA,"SINT EUSTATIUS"
"542","Water","Thousands",5,4,6,6,6,8,10,NA,NA,NA,NA,NA,NA,NA,NA,NA,NA,NA,NA,NA,NA,NA,NA,NA,NA,NA,NA,NA,"SINT EUSTATIUS"
"543","Land","Thousands",NA,NA,NA,NA,NA,NA,NA,NA,NA,NA,NA,NA,NA,NA,NA,NA,NA,NA,NA,NA,NA,NA,NA,NA,NA,NA,NA,NA,"SINT EUSTATIUS"
"544","Air","Thousands",460,365,439,458,445,432,403,381,428,475,468,468,469,475,440,443,424,457,467,500,505,528,402,178,320,106,249,373,"SINT MAARTEN (DUTCH PART)"
"545","Water","Thousands",564,657,886,881,616,868,868,1055,1172,1348,1488,1422,1422,1346,1215,1513,1656,1753,1786,2002,1902,1669,1238,1597,1632,436,233,844,"SINT MAARTEN (DUTCH PART)"
"546","Land","Thousands",NA,NA,NA,NA,NA,NA,NA,NA,NA,NA,NA,NA,NA,NA,NA,NA,NA,NA,NA,NA,NA,NA,NA,NA,NA,NA,NA,NA,"SINT MAARTEN (DUTCH PART)"
"547","Air","Thousands",NA,NA,NA,NA,NA,NA,NA,NA,NA,NA,NA,NA,NA,NA,NA,NA,NA,NA,NA,NA,NA,NA,NA,NA,NA,NA,NA,NA,"SLOVAKIA"
"548","Water","Thousands",NA,NA,NA,NA,NA,NA,NA,NA,NA,NA,NA,NA,NA,NA,NA,NA,NA,NA,NA,NA,NA,NA,NA,NA,NA,NA,NA,NA,"SLOVAKIA"
"549","Land","Thousands",NA,NA,NA,NA,NA,NA,NA,NA,NA,NA,NA,NA,NA,NA,NA,NA,NA,NA,NA,NA,NA,NA,NA,NA,NA,NA,NA,NA,"SLOVAKIA"
"550","Air","Thousands",62,75,90,88,80,202,226,241,264,288,298,336,364,407,390,438.5,478.5,491.4,517.3,553.1,900.1,1011.7,1188.6,1318,1500,388,281,603,"SLOVENIA"
"551","Water","Thousands",1,1,2,2,2,2,2,2,1,1,2,2,2,2,NA,NA,NA,2,2.2,2.3,2.4,2.7,3.1,3.5,1,NA,NA,NA,"SLOVENIA"
"552","Land","Thousands",668,756,882,887,803,886,991,1059,1108,1210,1255,1279,1385,1549,1434,1610.4,1757.6,1883.2,1982.3,2119.7,2119.5,2382.5,2799,3103.6,3201,827,1543,3316,"SLOVENIA"
"553","Air","Thousands",NA,NA,NA,NA,NA,NA,NA,NA,NA,5.6,9.4,11.5,13.7,16.3,18.3,20.5,22.9,23.9,24.4,20.1,21.6,23.2,25.7,27.9,28.9,4.4,0.7,NA,"SOLOMON ISLANDS"
"554","Water","Thousands",NA,NA,NA,NA,NA,NA,NA,NA,NA,NA,NA,NA,NA,NA,NA,NA,NA,NA,NA,NA,NA,NA,NA,NA,NA,NA,NA,NA,"SOLOMON ISLANDS"
"555","Land","Thousands",NA,NA,NA,NA,NA,NA,NA,NA,NA,NA,NA,NA,NA,NA,NA,NA,NA,NA,NA,NA,NA,NA,NA,NA,NA,NA,NA,NA,"SOLOMON ISLANDS"
"556","Air","Thousands",NA,NA,NA,NA,NA,NA,NA,NA,NA,NA,NA,NA,NA,NA,NA,NA,NA,NA,NA,NA,NA,NA,NA,NA,NA,NA,NA,NA,"SOMALIA"
"557","Water","Thousands",NA,NA,NA,NA,NA,NA,NA,NA,NA,NA,NA,NA,NA,NA,NA,NA,NA,NA,NA,NA,NA,NA,NA,NA,NA,NA,NA,NA,"SOMALIA"
"558","Land","Thousands",NA,NA,NA,NA,NA,NA,NA,NA,NA,NA,NA,NA,NA,NA,NA,NA,NA,NA,NA,NA,NA,NA,NA,NA,NA,NA,NA,NA,"SOMALIA"
"559","Air","Thousands",1136,1230,1329,1463,1523,1597,1596,1885,1980,2025,2127,2318,2501,2581,2152,2739,2503,2937,3164,2573,2535.5,2893.3,3060.3,3088.5,3006.3,773.8,605.6,1837.6,"SOUTH AFRICA"
"560","Water","Thousands",26,30,37,38,49,26,17,18,5,3,3,7,5,2,1,5,9,11,7,4,6.8,11.3,9.1,15.6,16.1,10.2,0.3,5.6,"SOUTH AFRICA"
"561","Land","Thousands",3522,3926,3804,4397,4454,4377,4295,4646,4655,4787,5388,6184,6702,7146,4859,5330,5827,6240,6366,6972,6361.5,7139.6,7215.7,7368,7206.3,2018.3,1649.7,3854.8,"SOUTH AFRICA"
"562","Air","Thousands",NA,NA,NA,NA,NA,NA,NA,NA,NA,NA,NA,NA,NA,NA,NA,NA,NA,NA,NA,NA,NA,NA,NA,NA,NA,NA,NA,NA,"SOUTH SUDAN"
"563","Water","Thousands",NA,NA,NA,NA,NA,NA,NA,NA,NA,NA,NA,NA,NA,NA,NA,NA,NA,NA,NA,NA,NA,NA,NA,NA,NA,NA,NA,NA,"SOUTH SUDAN"
"564","Land","Thousands",NA,NA,NA,NA,NA,NA,NA,NA,NA,NA,NA,NA,NA,NA,NA,NA,NA,NA,NA,NA,NA,NA,NA,NA,NA,NA,NA,NA,"SOUTH SUDAN"
"565","Air","Thousands",23934,24658,27677,30457,32574,34380,35331,34947,36923,38524,40730,42445,44324,44397,40233,40558.9,44614,46159.4,48763,51823,54364.6,60343.7,66639.5,67545.7,68691.9,13657.7,24431.9,59307.8,"SPAIN"
"566","Water","Thousands",NA,NA,NA,601,1085,1083,1256,1225,1521,1511,1772,1460,1456,1452,1398,1441.5,1416,1078.5,908,859,976.1,1635.4,1965.7,2012.1,1720.8,223.3,227,1152.2,"SPAIN"
"567","Land","Thousands",9037,9369,9454,10834,11781,10939,11978,14158,12410,12395,13411,14100,12885,11343,10547,10676.6,10147,10226.4,11005,12257,12828.8,13335.9,13263.4,13250.6,13096.5,5052.1,6522,11199.2,"SPAIN"
"568","Air","Thousands",403,302,366,381,436,400,337,393,500,566,549,559,494,438,447,654,854,1002.47,1248,1500.5,1773,2026.6,2090.4,2247.9,1814.9,479.6,194,716.7,"SRI LANKA"
"569","Water","Thousands",0.3,0.2,0.4,0.3,0.2,0.3,0.2,NA,0.2,0.2,0.3,0.4,0.3,0.1,0.4,0.4,2,3.14,26,26.7,25,24.3,25.6,85.8,98.8,28.1,NA,3.3,"SRI LANKA"
"570","Land","Thousands",NA,NA,NA,NA,NA,NA,NA,NA,NA,NA,NA,NA,NA,NA,NA,NA,NA,NA,NA,NA,NA,NA,NA,NA,NA,NA,NA,NA,"SRI LANKA"
"571","Air","Thousands",NA,NA,NA,NA,NA,NA,NA,NA,NA,NA,NA,NA,NA,NA,NA,NA,NA,NA,NA,NA,NA,NA,NA,NA,NA,NA,NA,NA,"STATE OF PALESTINE"
"572","Water","Thousands",NA,NA,NA,NA,NA,NA,NA,NA,NA,NA,NA,NA,NA,NA,NA,NA,NA,NA,NA,NA,NA,NA,NA,NA,NA,NA,NA,NA,"STATE OF PALESTINE"
"573","Land","Thousands",NA,NA,NA,NA,NA,NA,NA,NA,NA,NA,NA,NA,NA,NA,NA,NA,NA,NA,NA,NA,NA,NA,NA,NA,NA,NA,NA,NA,"STATE OF PALESTINE"
"574","Air","Thousands",29,38,30,30,33,32,42,42,40,51,197,318,361,364,294,287,311,402.2,413.9,478.5,NA,551,561,NA,NA,NA,NA,NA,"SUDAN"
"575","Water","Thousands",NA,NA,NA,4,4,4,5,7,8,8,37,7,59,58,84,198,214,114.9,118.3,191.4,NA,160,162,NA,NA,NA,NA,NA,"SUDAN"
"576","Land","Thousands",NA,NA,NA,2,2,2,3,3,3,3,12,3,16,18,42,10,11,57.5,59.1,13.7,NA,88,89,NA,NA,NA,NA,NA,"SUDAN"
"577","Air","Thousands",43,53,61,55,57,57,54,60,82,75,122,119,134,120,113,146,150,155,149,154,140.4,167,199.9,NA,NA,NA,NA,NA,"SURINAME"
"578","Water","Thousands",26,21,17,15,15,15,14,NA,17,16,38,35,33,31,38,59,70,85,100,98,87.3,90,78.1,NA,NA,NA,NA,NA,"SURINAME"
"579","Land","Thousands",NA,NA,NA,NA,NA,NA,NA,NA,NA,NA,NA,NA,NA,NA,NA,NA,NA,NA,NA,NA,NA,NA,NA,NA,NA,NA,NA,NA,"SURINAME"
"580","Air","Thousands",NA,NA,NA,NA,NA,NA,3083,2700,NA,NA,NA,NA,NA,NA,NA,NA,3689,4662,4509,4503,NA,NA,NA,NA,NA,NA,NA,NA,"SWEDEN"
"581","Water","Thousands",NA,NA,NA,NA,NA,NA,2221,2558,NA,NA,NA,NA,NA,NA,NA,NA,7019,7630,7036,7032,NA,NA,NA,NA,NA,NA,NA,NA,"SWEDEN"
"582","Land","Thousands",NA,NA,NA,NA,NA,NA,2132,2200,NA,NA,NA,NA,NA,NA,NA,NA,8696,7719,7259,8410,NA,NA,NA,NA,NA,NA,NA,NA,"SWEDEN"
"583","Air","Thousands",NA,NA,NA,NA,NA,NA,NA,NA,NA,NA,NA,NA,NA,NA,NA,NA,NA,NA,NA,NA,NA,NA,NA,NA,NA,NA,NA,NA,"SWITZERLAND"
"584","Water","Thousands",NA,NA,NA,NA,NA,NA,NA,NA,NA,NA,NA,NA,NA,NA,NA,NA,NA,NA,NA,NA,NA,NA,NA,NA,NA,NA,NA,NA,"SWITZERLAND"
"585","Land","Thousands",NA,NA,NA,NA,NA,NA,NA,NA,NA,NA,NA,NA,NA,NA,NA,NA,NA,NA,NA,NA,NA,NA,NA,NA,NA,NA,NA,NA,"SWITZERLAND"
"586","Air","Thousands",271,325,355,343,344,544,579,666,629,830,836,878,945,1256,1088,1455,849,NA,NA,NA,NA,168.8,237.5,266.7,322.8,96.8,244.5,NA,"SYRIAN ARAB REPUBLIC"
"587","Water","Thousands",10,9,12,12,15,30,21,20,19,28,33,27,24,29,9,12,2,NA,NA,NA,NA,0.5,0.7,1.1,0.8,0.5,0.9,NA,"SYRIAN ARAB REPUBLIC"
"588","Land","Thousands",1971,2101,1965,2108,2322,2838,3071,3992,4189,5476,4989,4776,4465,5666,5559,7990,4582,NA,NA,NA,NA,874.1,1052.9,1534.3,2100.7,382,415.4,NA,"SYRIAN ARAB REPUBLIC"
"589","Air","Thousands",2317,2344,2358,2284,2397,2611,2814,2954,2228,2916,3341,3450,3624,3736,4177,5265,5762,6955,7660,9432,9839.3,10161.3,10151.3,10415.2,11193,1331.3,127.7,875.9,"TAIWAN PROVINCE OF CHINA"
"590","Water","Thousands",15,14,14,14,14,13,17,24,20,35,37,70,92,110,218,302,325,356,356,478,600.4,529,588.3,651.5,671.2,46.6,12.7,20.1,"TAIWAN PROVINCE OF CHINA"
"591","Land","Thousands",NA,NA,NA,NA,NA,NA,NA,NA,NA,NA,NA,NA,NA,NA,NA,NA,NA,NA,NA,NA,NA,NA,NA,NA,NA,NA,NA,NA,"TAIWAN PROVINCE OF CHINA"
"592","Air","Thousands",NA,NA,NA,NA,0.7,2.3,1,NA,NA,NA,NA,NA,NA,NA,NA,NA,NA,94,78,170,390.5,284,281,305,NA,NA,NA,NA,"TAJIKISTAN"
"593","Water","Thousands",NA,NA,NA,NA,NA,NA,NA,NA,NA,NA,NA,NA,NA,NA,NA,NA,NA,NA,NA,NA,NA,NA,NA,NA,NA,NA,NA,NA,"TAJIKISTAN"
"594","Land","Thousands",NA,0.7,2.1,3.2,3.8,5.4,4.2,NA,NA,NA,NA,NA,NA,NA,NA,NA,NA,150,130,43,23.3,60,150,730,NA,NA,NA,NA,"TAJIKISTAN"
"595","Air","Thousands",110,146,160,311,365,312,315,316,320,257,331,359,389,439,380,405,476,604,562.5,636,651.8,768.1,769,929,936,366.1,609.9,NA,"TANZANIA, UNITED REPUBLIC OF"
"596","Water","Thousands",16,22,35,8,6,15,21,20,25,24,10,14,16,9,10,23,3,3,59.2,60,62.5,77.1,76,11.4,10,11,12.9,NA,"TANZANIA, UNITED REPUBLIC OF"
"597","Land","Thousands",169,158,165,163,256,175,189,239,231,302,272,271,315,322,324,355,389,469,474.2,444,422.7,439.1,482,565.3,581,243.7,404.1,NA,"TANZANIA, UNITED REPUBLIC OF"
"598","Air","Thousands",5670,6124,6205,6678,7263,8077,8456,8955,8164,9803,9544,11495,11975,11624,11100,12378,14929,17803,21501,NA,NA,27217.5,30113.7,32136.1,33481.6,5625.4,510.8,NA,"THAILAND"
"599","Water","Thousands",159,137,116,178,234,248,250,225,180,247,242,303,280,213,254,486,552,563,705,NA,NA,473.6,494.1,616.3,761.1,981.9,NA,NA,"THAILAND"
"600","Land","Thousands",1122,983,973,987,1154,1254,1427,1693,1738,1688,1781,2024,2209,2747,2796,3072,3749,3988,4341,NA,NA,4838.4,4984.2,2425.7,5673.6,117.9,NA,NA,"THAILAND"
"601","Air","Thousands",NA,NA,NA,NA,NA,NA,NA,NA,NA,NA,NA,13.7,22.3,36,44.2,39.8,50.6,57.5,77.8,59.8,61.6,65.6,73.9,74.6,80.8,17.9,5.5,NA,"TIMOR-LESTE"
"602","Water","Thousands",NA,NA,NA,NA,NA,NA,NA,NA,NA,NA,NA,NA,NA,NA,NA,NA,NA,NA,NA,NA,NA,NA,NA,NA,NA,NA,NA,NA,"TIMOR-LESTE"
"603","Land","Thousands",NA,NA,NA,NA,NA,NA,NA,NA,NA,NA,NA,NA,NA,NA,NA,NA,NA,NA,NA,NA,NA,NA,NA,NA,NA,NA,NA,NA,"TIMOR-LESTE"
"604","Air","Thousands",NA,NA,NA,NA,NA,NA,NA,NA,NA,NA,NA,NA,NA,NA,NA,NA,NA,NA,NA,NA,126,219,352.7,366.8,517,NA,NA,NA,"TOGO"
"605","Water","Thousands",NA,NA,NA,NA,NA,NA,NA,NA,NA,NA,NA,NA,NA,NA,NA,NA,NA,NA,NA,NA,NA,1,3.2,17.2,8.8,NA,NA,NA,"TOGO"
"606","Land","Thousands",NA,NA,NA,NA,NA,NA,NA,NA,NA,NA,NA,NA,NA,NA,NA,NA,NA,NA,NA,NA,123,118,158,189.1,350.5,NA,NA,NA,"TOGO"
"607","Air","Thousands",29,27,26,27,31,35,32,37,40,41,42,39,46,50,45.7,47.1,46,47.4,48.2,50.4,53.8,59.1,62.5,54,67.3,9,0.2,18.4,"TONGA"
"608","Water","Thousands",4,4,3,8,13,8,6,8,11,10,18,15,19,15,29,17.9,22.4,9.8,11.5,15.4,18.8,27.5,24.1,23.3,26.7,2.5,NA,3.9,"TONGA"
"609","Land","Thousands",NA,NA,NA,NA,NA,NA,NA,NA,NA,NA,NA,NA,NA,NA,NA,NA,NA,NA,NA,NA,NA,NA,NA,NA,NA,NA,NA,NA,"TONGA"
"610","Air","Thousands",260,266,324,334,358,399,383,384,409,443,463,461,449,437,419,388,431,455,434,412.8,439.8,410,394.7,375.5,388.6,95.3,40.6,226.5,"TRINIDAD AND TOBAGO"
"611","Water","Thousands",22,51,36,43,63,104,85,67,65,58,66,73,82,45,115,102,60,49,33,45.8,82,88.3,75.2,132.3,93,45.8,0.5,26.8,"TRINIDAD AND TOBAGO"
"612","Land","Thousands",NA,NA,NA,NA,NA,NA,NA,NA,NA,NA,NA,NA,NA,NA,NA,NA,NA,NA,NA,NA,NA,NA,NA,NA,NA,NA,NA,NA,"TRINIDAD AND TOBAGO"
"613","Air","Thousands",2502,2674,3030,3224,3591,3752,3761,3066,2992,3664,4053,4144,4263,4371,4034,4140,2406,3597,3766,3449,NA,1960.9,2339.5,3166.4,3556.1,587,793.4,2391,"TUNISIA"
"614","Water","Thousands",51,55,58,55,68,70,72,78,89,84,94,101,105,103,109,110,90,96,78,89,NA,74.6,86.2,89.6,118.6,33,55.4,108.7,"TUNISIA"
"615","Land","Thousands",1566,1155,1176,1439,1173,1236,1554,1920,2033,2250,2232,2305,2394,2576,2759,2653,2289,2257,2425,2532,NA,2490.3,3317,3665.2,4309.8,812,751.4,2669.8,"TUNISIA"
"616","Air","Thousands",5164,6240,7020,6699,4687,7274,8459,9990,10080,12575,14980,14085,20271,22974,22912.4,23101,26026.3,27733,29418,31034,31040.4,22425.4,28113.9,35230.1,39828.9,11765,23573.1,37984.9,"TÜRKIYE"
"617","Water","Thousands",885,922,953,1111,835,1145,1138,745,992,1152,1320,1457,1812,2680,2669,2122,2709,2528,2616,2493,2371.2,958,838,1039.7,1455.6,310,408.3,1950.8,"TÜRKIYE"
"618","Land","Thousands",1678,1452,1716,1943,1965,2010,2022,2520,2957,3790,4825,4278,5132,5484,6178.4,7774,8034,7455,7827,8100,7702.5,7523.3,9018,9842.8,10462.7,3896,6057.6,11451.9,"TÜRKIYE"
"619","Air","Thousands",138,89,91,94,NA,2.2,1.1,4.8,2.7,3.8,2.7,4,4.8,NA,NA,NA,NA,NA,NA,NA,NA,NA,NA,NA,NA,NA,NA,NA,"TURKMENISTAN"
"620","Water","Thousands",NA,11,NA,NA,NA,NA,NA,NA,NA,NA,NA,NA,0.2,NA,NA,NA,NA,NA,NA,NA,NA,NA,NA,NA,NA,NA,NA,NA,"TURKMENISTAN"
"621","Land","Thousands",95,182,241,286,NA,1.2,4.1,6,5.5,11,8.9,1.7,3.2,NA,NA,NA,NA,NA,NA,NA,NA,NA,NA,NA,NA,NA,NA,NA,"TURKMENISTAN"
"622","Air","Thousands",76,86,91,111,120,139,164,154,158,NA,NA,NA,NA,NA,NA,NA,NA,NA,NA,NA,NA,NA,NA,NA,NA,NA,NA,NA,"TURKS AND CAICOS ISLANDS"
"623","Water","Thousands",3,2,2,NA,1,13,1,3,NA,NA,NA,NA,NA,NA,NA,NA,NA,NA,NA,NA,NA,NA,NA,NA,NA,NA,NA,NA,"TURKS AND CAICOS ISLANDS"
"624","Land","Thousands",NA,NA,NA,NA,NA,NA,NA,NA,NA,NA,NA,NA,NA,NA,NA,NA,NA,NA,NA,NA,NA,NA,NA,NA,NA,NA,NA,NA,"TURKS AND CAICOS ISLANDS"
"625","Air","Thousands",NA,NA,NA,NA,NA,NA,NA,NA,1.1,1.1,0.9,0.9,1,NA,NA,NA,1.1,NA,NA,NA,NA,NA,NA,3,3.6,0.6,0.04,0.244,"TUVALU"
"626","Water","Thousands",NA,NA,NA,NA,NA,NA,NA,NA,0.3,0.2,0.2,0.2,0.1,NA,NA,NA,0.1,NA,NA,NA,NA,NA,NA,0.1,0.1,NA,NA,NA,"TUVALU"
"627","Land","Thousands",NA,NA,NA,NA,NA,NA,NA,NA,NA,NA,NA,NA,NA,NA,NA,NA,NA,NA,NA,NA,NA,NA,NA,NA,NA,NA,NA,NA,"TUVALU"
"628","Air","Thousands",NA,NA,97,100,97,78,80,86,97,131,172,200,234,358,271,369,369,416,423,443.4,402.3,432.3,420.9,NA,586.2,78.9,99,NA,"UGANDA"
"629","Water","Thousands",NA,NA,NA,NA,NA,NA,NA,NA,NA,NA,NA,NA,NA,NA,NA,NA,NA,NA,NA,NA,NA,NA,NA,NA,NA,NA,NA,NA,"UGANDA"
"630","Land","Thousands",NA,NA,78,95,92,115,125,168,208,381,296,339,408,486,536,577,782,781,783,822.6,900.6,890.2,981.5,NA,956.4,394.2,414,NA,"UGANDA"
"631","Air","Thousands",350,323,515,418,523,523,605,665,675,844,1069,1217,1478,1662,1457,1731,2004,2298,2497,1193,1319,1602.9,2128.6,2566,2742.7,702.8,1430.4,145.6,"UKRAINE"
"632","Water","Thousands",560,530,1171,251,306,322,290,307,300,375,264,292,314,318,276,269,255,240,263,148,127,115.7,127.3,122.9,133.8,122.9,138.2,55.7,"UKRAINE"
"633","Land","Thousands",4575,4538,13058,11334,10160,10846,10982,11821,11539,14410,19156,20204,24370,26848,22300,22114,22276,22523,23265,11886,11579,12015.8,12323.5,11653.3,10833,2556.4,2703.4,2105.8,"UKRAINE"
"634","Air","Thousands",NA,NA,NA,NA,NA,NA,NA,NA,NA,NA,NA,NA,NA,NA,NA,NA,NA,NA,NA,14248.8,14421.7,15075.3,16315.6,17071.7,17636.2,5962.5,9460.4,NA,"UNITED ARAB EMIRATES"
"635","Water","Thousands",NA,NA,NA,NA,NA,NA,NA,NA,NA,NA,NA,NA,NA,NA,NA,NA,NA,NA,NA,392.2,317.5,422.9,398.5,396.9,538.7,279.3,127.8,NA,"UNITED ARAB EMIRATES"
"636","Land","Thousands",NA,NA,NA,NA,NA,NA,NA,NA,NA,NA,NA,NA,NA,NA,NA,NA,NA,NA,NA,1591.6,4574.3,5396.2,5090.6,5623.7,7106.7,1842.4,3196.1,NA,"UNITED ARAB EMIRATES"
"637","Air","Thousands",15754,16279,16858,17479,17284,17831,16054,17098,17635,20002,22043,24588,25089,24024,23239,22162.4,23740.7,23880.3,24786.5,26136.7,27262,29453,31879.5,31511.6,32137.2,NA,4922.5,25080,"UNITED KINGDOM"
"638","Water","Thousands",5998,6176,5746,5098,4993,4298,4002,4405,4369,4770,4675,4858,4459,4495,4463,4403.6,4388.9,4125.2,4301.7,4730.5,4892.4,4906.5,4666.3,4514.1,4460.4,NA,834.1,2772,"UNITED KINGDOM"
"639","Land","Thousands",1785,2708,2911,3168,3117,3080,2779,2677,2711,2983,3252,3267,3230,3369,3370,3832.4,3756.3,4215.5,4478.3,4469.5,4637.7,4769.3,4534.4,4257.5,4259.8,NA,627.2,3392,"UNITED KINGDOM"
"640","Air","Thousands",24668,27558,29393,29018,30218.835,32387.885,27399.153,24240.032,23078.148,25823.589,27673.12,27805.863,30347.488,32035.142,30016.433,33170.91,35978.485,37752.463,41679.971,43807.076,47666.717,46940.691,48734.483,50695.476,50253.1,10932.6,13735.6,31938.4,"UNITED STATES OF AMERICA"
"641","Water","Thousands",372,432,452,461,460.235934878109,481.851862252617,450.882906834714,386.481571416398,375.420823059211,417.018108734528,420.485246646152,452.51620442748,502.889270856106,460.343960524489,427.315953278516,415.912,411.282,449.587,578.297,597.837,565.267,553.457,531.737,561.207,536.7,57.7,74.6,547.3,"UNITED STATES OF AMERICA"
"642","Land","Thousands",18450,18646,18030,16890,17475.7501749386,18025.3656868451,18704.7126618673,18571.5934156934,17339.7791303616,19339.8414742072,20766.8898756209,22387.5556744283,24887.0913755311,25155.8261589525,24310.9579316633,26423.538,27087.649,28764.847,29384.639,30974.441,29541.542,28913.34,27920.526,28489.235,28651.9,8221.6,8290.2,18384,"UNITED STATES OF AMERICA"
"643","Air","Thousands",570,462,509,523,560,628,606,598,621,655,689,667,688,678,663,672,677,738,703,730,764,797,650,491,641,419.2,826,NA,"UNITED STATES VIRGIN ISLANDS"
"644","Water","Thousands",1171,1316,1619,1616,1404,1768,1891,1739,1774,1965,1913,1903,1918,1757,1582,1859,2009,1904,1999,2084,1879,1777,1304,1431,1433,442,245.7,NA,"UNITED STATES VIRGIN ISLANDS"
"645","Land","Thousands",NA,NA,NA,NA,NA,NA,NA,NA,NA,NA,NA,NA,NA,NA,NA,NA,NA,NA,NA,NA,NA,NA,NA,NA,NA,NA,NA,NA,"UNITED STATES VIRGIN ISLANDS"
"646","Air","Thousands",402,466,436,429,402,377,332,299,314,380,406,419,437,458,468,565,628,568,503,564.7,531,603,641,705.8,600,NA,NA,NA,"URUGUAY"
"647","Water","Thousands",852,916,1105,956,909,1018,741,469,537,691,692,775,897,990,983,1016,984,909,910,814.1,1026,1025.7,1199.9,1017.4,897.1,NA,NA,NA,"URUGUAY"
"648","Land","Thousands",923,877,922,938,962,841,1064,586,649,801,819,630,478,550,647,827.1,1347.8,1368.6,1401.6,1431.8,1408,1699.8,2099.9,1988.7,1723.5,NA,NA,NA,"URUGUAY"
"649","Air","Thousands",89,168,939,789,465,280,323,296,220,235,217,523,855,231,217,227,NA,NA,NA,NA,NA,NA,NA,437,656.7,NA,NA,NA,"UZBEKISTAN"
"650","Water","Thousands",NA,NA,NA,NA,NA,NA,NA,NA,NA,NA,NA,NA,NA,NA,NA,NA,NA,NA,NA,NA,NA,NA,NA,NA,NA,NA,NA,NA,"UZBEKISTAN"
"651","Land","Thousands",3,6,21,22,22,22,22,16,11,27,25,37,48,838,998,748,NA,NA,NA,NA,NA,NA,NA,4909,6091.8,NA,NA,NA,"UZBEKISTAN"
"652","Air","Thousands",42,45,49,52,51,58,53,49,50,61,62,68,81,90.5,100.7,97.2,94,108.2,110.1,108.7,90,95.1,109,116,120.6,22,NA,30.3,"VANUATU"
"653","Water","Thousands",2,57,31,25,45,48,53,50,52,38,64,86,86,106.1,124.8,140.5,154.9,213.2,247.3,220.2,197,256,224,234,135.4,60.4,NA,34.6,"VANUATU"
"654","Land","Thousands",NA,NA,NA,NA,NA,NA,NA,NA,NA,NA,NA,NA,NA,NA,NA,NA,NA,NA,NA,NA,NA,NA,NA,NA,NA,NA,NA,NA,"VANUATU"
"655","Air","Thousands",614,665,714,682,584,453,578,298,258,380,595,565,607,651,529,489,529,721,752.2,614.3,549,523.5,351.3,NA,NA,NA,NA,NA,"VENEZUELA, BOLIVARIAN REPUBLIC OF"
"656","Water","Thousands",2,3,3,3,3,8,3,117,77,105,115,134,121,3,5,NA,NA,NA,NA,NA,NA,NA,NA,NA,NA,NA,NA,NA,"VENEZUELA, BOLIVARIAN REPUBLIC OF"
"657","Land","Thousands",84,90,97,NA,NA,6,3,15,NA,NA,NA,19,27,45,27,37,66,267,233.4,242.4,239,77.8,76.1,NA,NA,NA,NA,NA,"VENEZUELA, BOLIVARIAN REPUBLIC OF"
"658","Air","Thousands",1207,940,1034,874,1022,1113,1294,1540,1395,1822,2335,2702,3301,3283,3025,4062,5032,5576,5980,6220,6271,8261,10910.3,12485,14377.5,3083.2,111.1,3277.2,"VIET NAM"
"659","Water","Thousands",21,162,131,157,188,256,285,309,241,263,200,224,225,152,66,50,46,286,193,48,170,285,258.8,215.3,264.1,144.7,0.6,3.1,"VIET NAM"
"660","Land","Thousands",123,505,550,489,572,771,751,779,793,843,942,657,703,801,656,938,936,986,1399,1606,1503,1467,1753,2797.5,3367,609.4,45.6,380.9,"VIET NAM"
"661","Air","Thousands",NA,NA,NA,NA,NA,NA,NA,NA,NA,NA,NA,145,144,143,492,424,268.3,382,411,NA,178.7,NA,NA,NA,NA,NA,NA,NA,"YEMEN"
"662","Water","Thousands",NA,NA,NA,NA,NA,NA,NA,NA,NA,NA,NA,4,3,13,9,8,2.4,2,3,NA,1,NA,NA,NA,NA,NA,NA,NA,"YEMEN"
"663","Land","Thousands",NA,NA,NA,NA,NA,NA,NA,NA,NA,NA,NA,232,233,248,527,593,558.4,490,576,NA,187,NA,NA,NA,NA,NA,NA,NA,"YEMEN"
"664","Air","Thousands",41,31,36,42,46,57,62,71,104,137,164,227,281,236,191,249,297,252,241,262.4,272.8,285.5,294,319,326.5,89.2,105.6,NA,"ZAMBIA"
"665","Water","Thousands",NA,NA,NA,NA,NA,NA,NA,NA,NA,NA,NA,NA,NA,NA,NA,NA,NA,8,8,4.3,3.2,7.1,7.3,4.5,6.3,2.6,6.7,NA,"ZAMBIA"
"666","Land","Thousands",122,233,305,320,358,401,430,494,309,378,504,530,616,576,519,566,623,599,666,680.3,655.9,663.7,707.8,748.6,933.6,409.8,442,NA,"ZAMBIA"
"667","Air","Thousands",NA,NA,NA,324,504,463,452,340,340,330,327,275,982,429,573,326,350,228,223,198,280.6,239,310.1,337.2,320.8,77.3,147.4,367,"ZIMBABWE"
"668","Water","Thousands",NA,NA,NA,NA,NA,NA,NA,NA,NA,NA,NA,NA,NA,NA,NA,NA,NA,NA,NA,NA,NA,NA,NA,NA,NA,NA,NA,NA,"ZIMBABWE"
"669","Land","Thousands",NA,NA,NA,1763,1746,1504,2311,1738,2016,1524,1231,2012,1524,1526,1444,1913,2073,1566,1610,1682,1776,1929,2112.8,2242.8,1973.4,562.1,233.4,676.8,"ZIMBABWE"
